id,mode,label
W_Evelyn Jefferson,woman,Evelyn Jefferson
W_Laura Mandeville,woman,Laura Mandeville
W_Theresa Anderson,woman,Theresa Anderson
W_Brenda Rogers,woman,Brenda Rogers
W_Charlotte McDowd,woman,Charlotte McDowd
W_Frances Anderson,woman,Frances Anderson
W_Eleanor Nye,woman,Eleanor Nye
W_Pearl Oglethorpe,woman,Pearl Oglethorpe
W_Ruth DeSand,woman,Ruth DeSand
W_Verne Sanderson,woman,Verne Sanderson
W_Myra Liddel,woman,Myra Liddel
W_Katherina Rogers,woman,Katherina Rogers
W_Sylvia Avondale,woman,Sylvia Avondale
W_Nora Fayette,woman,Nora Fayette
W_Helen Lloyd,woman,Helen Lloyd
W_Dorothy Murchison,woman,Dorothy Murchison
W_Olivia Carleton,woman,Olivia Carleton
W_Flora Price,woman,Flora Price
E_E1,event,E1
E_E2,event,E2
E_E3,event,E3
E_E4,event,E4
E_E5,event,E5
E_E6,event,E6
E_E7,event,E7
E_E8,event,E8
E_E9,event,E9
E_E10,event,E10
E_E11,event,E11
E_E12,event,E12
E_E13,event,E13
E_E14,event,E14
