source,target
W_Evelyn Jefferson,E_E1
W_Evelyn Jefferson,E_E2
W_Evelyn Jefferson,E_E3
W_Evelyn Jefferson,E_E4
W_Evelyn Jefferson,E_E5
W_Evelyn Jefferson,E_E6
W_Evelyn Jefferson,E_E8
W_Evelyn Jefferson,E_E9
W_Laura Mandeville,E_E1
W_Laura Mandeville,E_E2
W_Laura Mandeville,E_E3
W_Laura Mandeville,E_E5
W_Laura Mandeville,E_E6
W_Laura Mandeville,E_E7
W_Laura Mandeville,E_E8
W_Theresa Anderson,E_E2
W_Theresa Anderson,E_E3
W_Theresa Anderson,E_E4
W_Theresa Anderson,E_E5
W_Theresa Anderson,E_E6
W_Theresa Anderson,E_E7
W_Theresa Anderson,E_E8
W_Theresa Anderson,E_E9
W_Brenda Rogers,E_E1
W_Brenda Rogers,E_E3
W_Brenda Rogers,E_E4
W_Brenda Rogers,E_E5
W_Brenda Rogers,E_E6
W_Brenda Rogers,E_E7
W_Brenda Rogers,E_E8
W_Charlotte McDowd,E_E3
W_Charlotte McDowd,E_E4
W_Charlotte McDowd,E_E5
W_Charlotte McDowd,E_E7
W_Frances Anderson,E_E3
W_Frances Anderson,E_E5
W_Frances Anderson,E_E6
W_Frances Anderson,E_E8
W_Eleanor Nye,E_E5
W_Eleanor Nye,E_E6
W_Eleanor Nye,E_E7
W_Eleanor Nye,E_E8
W_Pearl Oglethorpe,E_E6
W_Pearl Oglethorpe,E_E8
W_Pearl Oglethorpe,E_E9
W_Ruth DeSand,E_E5
W_Ruth DeSand,E_E7
W_Ruth DeSand,E_E8
W_Ruth DeSand,E_E9
W_Verne Sanderson,E_E7
W_Verne Sanderson,E_E8
W_Verne Sanderson,E_E9
W_Verne Sanderson,E_E12
W_Myra Liddel,E_E8
W_Myra Liddel,E_E9
W_Myra Liddel,E_E10
W_Myra Liddel,E_E12
W_Katherina Rogers,E_E8
W_Katherina Rogers,E_E9
W_Katherina Rogers,E_E10
W_Katherina Rogers,E_E12
W_Katherina Rogers,E_E13
W_Katherina Rogers,E_E14
W_Sylvia Avondale,E_E7
W_Sylvia Avondale,E_E8
W_Sylvia Avondale,E_E9
W_Sylvia Avondale,E_E10
W_Sylvia Avondale,E_E12
W_Sylvia Avondale,E_E13
W_Sylvia Avondale,E_E14
W_Nora Fayette,E_E6
W_Nora Fayette,E_E7
W_Nora Fayette,E_E9
W_Nora Fayette,E_E10
W_Nora Fayette,E_E11
W_Nora Fayette,E_E12
W_Nora Fayette,E_E13
W_Nora Fayette,E_E14
W_Helen Lloyd,E_E7
W_Helen Lloyd,E_E8
W_Helen Lloyd,E_E10
W_Helen Lloyd,E_E11
W_Helen Lloyd,E_E12
W_Dorothy Murchison,E_E8
W_Dorothy Murchison,E_E9
W_Olivia Carleton,E_E9
W_Olivia Carleton,E_E11
W_Flora Price,E_E9
W_Flora Price,E_E11
