wave,source,target
1,K01,K02
1,K01,K03
1,K01,K04
1,K01,K05
1,K01,K06
1,K01,K07
1,K01,K08
1,K01,K09
1,K01,K10
1,K01,K11
1,K01,K12
1,K01,K13
1,K01,K14
1,K01,K15
1,K01,K16
1,K01,K17
1,K01,K18
1,K01,K19
1,K01,K20
1,K01,K21
1,K01,K22
1,K01,K23
1,K01,K24
1,K01,K25
1,K01,K26
1,K02,K01
1,K02,K03
1,K02,K04
1,K02,K05
1,K02,K06
1,K02,K07
1,K02,K08
1,K02,K09
1,K02,K10
1,K02,K11
1,K02,K12
1,K02,K13
1,K02,K14
1,K02,K15
1,K02,K16
1,K02,K17
1,K02,K18
1,K02,K19
1,K02,K20
1,K02,K21
1,K02,K22
1,K02,K23
1,K02,K24
1,K02,K25
1,K02,K26
1,K03,K01
1,K03,K02
1,K03,K04
1,K03,K05
1,K03,K06
1,K03,K07
1,K03,K08
1,K03,K09
1,K03,K10
1,K03,K11
1,K03,K12
1,K03,K13
1,K03,K14
1,K03,K15
1,K03,K16
1,K03,K17
1,K03,K18
1,K03,K19
1,K03,K20
1,K03,K21
1,K03,K22
1,K03,K23
1,K03,K24
1,K03,K25
1,K03,K26
1,K04,K01
1,K04,K02
1,K04,K03
1,K04,K05
1,K04,K06
1,K04,K07
1,K04,K08
1,K04,K09
1,K04,K10
1,K04,K11
1,K04,K12
1,K04,K13
1,K04,K14
1,K04,K15
1,K04,K16
1,K04,K17
1,K04,K18
1,K04,K19
1,K04,K20
1,K04,K21
1,K04,K22
1,K04,K23
1,K04,K24
1,K04,K25
1,K04,K26
1,K05,K01
1,K05,K02
1,K05,K03
1,K05,K04
1,K05,K06
1,K05,K07
1,K05,K08
1,K05,K09
1,K05,K10
1,K05,K11
1,K05,K12
1,K05,K13
1,K05,K14
1,K05,K15
1,K05,K16
1,K05,K17
1,K05,K18
1,K05,K19
1,K05,K20
1,K05,K21
1,K05,K22
1,K05,K23
1,K05,K24
1,K05,K25
1,K05,K26
1,K06,K01
1,K06,K02
1,K06,K03
1,K06,K04
1,K06,K05
1,K06,K07
1,K06,K08
1,K06,K09
1,K06,K10
1,K06,K11
1,K06,K12
1,K06,K13
1,K06,K14
1,K06,K15
1,K06,K16
1,K06,K17
1,K06,K18
1,K06,K19
1,K06,K20
1,K06,K21
1,K06,K22
1,K06,K23
1,K06,K24
1,K06,K25
1,K06,K26
1,K07,K01
1,K07,K02
1,K07,K03
1,K07,K04
1,K07,K05
1,K07,K06
1,K07,K08
1,K07,K09
1,K07,K10
1,K07,K11
1,K07,K12
1,K07,K13
1,K07,K14
1,K07,K15
1,K07,K16
1,K07,K17
1,K07,K18
1,K07,K19
1,K07,K20
1,K07,K21
1,K07,K22
1,K07,K23
1,K07,K24
1,K07,K25
1,K07,K26
1,K08,K01
1,K08,K02
1,K08,K03
1,K08,K04
1,K08,K05
1,K08,K06
1,K08,K07
1,K08,K09
1,K08,K10
1,K08,K11
1,K08,K12
1,K08,K13
1,K08,K14
1,K08,K15
1,K08,K16
1,K08,K17
1,K08,K18
1,K08,K19
1,K08,K20
1,K08,K21
1,K08,K22
1,K08,K23
1,K08,K24
1,K08,K25
1,K08,K26
1,K09,K01
1,K09,K02
1,K09,K03
1,K09,K04
1,K09,K05
1,K09,K06
1,K09,K07
1,K09,K08
1,K09,K10
1,K09,K11
1,K09,K12
1,K09,K13
1,K09,K14
1,K09,K15
1,K09,K16
1,K09,K17
1,K09,K18
1,K09,K19
1,K09,K20
1,K09,K21
1,K09,K22
1,K09,K23
1,K09,K24
1,K09,K25
1,K09,K26
1,K10,K01
1,K10,K02
1,K10,K03
1,K10,K04
1,K10,K05
1,K10,K06
1,K10,K07
1,K10,K08
1,K10,K09
1,K10,K11
1,K10,K12
1,K10,K13
1,K10,K14
1,K10,K15
1,K10,K16
1,K10,K17
1,K10,K18
1,K10,K19
1,K10,K20
1,K10,K21
1,K10,K22
1,K10,K23
1,K10,K24
1,K10,K25
1,K10,K26
1,K11,K01
1,K11,K02
1,K11,K03
1,K11,K04
1,K11,K05
1,K11,K06
1,K11,K07
1,K11,K08
1,K11,K09
1,K11,K10
1,K11,K12
1,K11,K13
1,K11,K14
1,K11,K15
1,K11,K16
1,K11,K17
1,K11,K18
1,K11,K19
1,K11,K20
1,K11,K21
1,K11,K22
1,K11,K23
1,K11,K24
1,K11,K25
1,K11,K26
1,K12,K01
1,K12,K02
1,K12,K03
1,K12,K04
1,K12,K05
1,K12,K06
1,K12,K07
1,K12,K08
1,K12,K09
1,K12,K10
1,K12,K11
1,K12,K13
1,K12,K14
1,K12,K15
1,K12,K16
1,K12,K17
1,K12,K18
1,K12,K19
1,K12,K20
1,K12,K21
1,K12,K22
1,K12,K23
1,K12,K24
1,K12,K25
1,K12,K26
1,K13,K01
1,K13,K02
1,K13,K03
1,K13,K04
1,K13,K05
1,K13,K06
1,K13,K07
1,K13,K08
1,K13,K09
1,K13,K10
1,K13,K11
1,K13,K12
1,K13,K14
1,K13,K15
1,K13,K16
1,K13,K17
1,K13,K18
1,K13,K19
1,K13,K20
1,K13,K21
1,K13,K22
1,K13,K23
1,K13,K24
1,K13,K25
1,K13,K26
1,K14,K01
1,K14,K02
1,K14,K03
1,K14,K04
1,K14,K05
1,K14,K06
1,K14,K07
1,K14,K08
1,K14,K09
1,K14,K10
1,K14,K11
1,K14,K12
1,K14,K13
1,K14,K15
1,K14,K16
1,K14,K17
1,K14,K18
1,K14,K19
1,K14,K20
1,K14,K21
1,K14,K22
1,K14,K23
1,K14,K24
1,K14,K25
1,K14,K26
1,K15,K01
1,K15,K02
1,K15,K03
1,K15,K04
1,K15,K05
1,K15,K06
1,K15,K07
1,K15,K08
1,K15,K09
1,K15,K10
1,K15,K11
1,K15,K12
1,K15,K13
1,K15,K14
1,K15,K16
1,K15,K17
1,K15,K18
1,K15,K19
1,K15,K20
1,K15,K21
1,K15,K22
1,K15,K23
1,K15,K24
1,K15,K25
1,K15,K26
1,K16,K01
1,K16,K02
1,K16,K03
1,K16,K04
1,K16,K05
1,K16,K06
1,K16,K07
1,K16,K08
1,K16,K09
1,K16,K10
1,K16,K11
1,K16,K12
1,K16,K13
1,K16,K14
1,K16,K15
1,K16,K17
1,K16,K18
1,K16,K19
1,K16,K20
1,K16,K21
1,K16,K22
1,K16,K23
1,K16,K24
1,K16,K25
1,K16,K26
1,K17,K01
1,K17,K02
1,K17,K03
1,K17,K04
1,K17,K05
1,K17,K06
1,K17,K07
1,K17,K08
1,K17,K09
1,K17,K10
1,K17,K11
1,K17,K12
1,K17,K13
1,K17,K14
1,K17,K15
1,K17,K16
1,K17,K18
1,K17,K19
1,K17,K20
1,K17,K21
1,K17,K22
1,K17,K23
1,K17,K24
1,K17,K25
1,K17,K26
1,K18,K01
1,K18,K02
1,K18,K03
1,K18,K04
1,K18,K05
1,K18,K06
1,K18,K07
1,K18,K08
1,K18,K09
1,K18,K10
1,K18,K11
1,K18,K12
1,K18,K13
1,K18,K14
1,K18,K15
1,K18,K16
1,K18,K17
1,K18,K19
1,K18,K20
1,K18,K21
1,K18,K22
1,K18,K23
1,K18,K24
1,K18,K25
1,K18,K26
1,K19,K01
1,K19,K02
1,K19,K03
1,K19,K04
1,K19,K05
1,K19,K06
1,K19,K07
1,K19,K08
1,K19,K09
1,K19,K10
1,K19,K11
1,K19,K12
1,K19,K13
1,K19,K14
1,K19,K15
1,K19,K16
1,K19,K17
1,K19,K18
1,K19,K20
1,K19,K21
1,K19,K22
1,K19,K23
1,K19,K24
1,K19,K25
1,K19,K26
1,K20,K01
1,K20,K02
1,K20,K03
1,K20,K04
1,K20,K05
1,K20,K06
1,K20,K07
1,K20,K08
1,K20,K09
1,K20,K10
1,K20,K11
1,K20,K12
1,K20,K13
1,K20,K14
1,K20,K15
1,K20,K16
1,K20,K17
1,K20,K18
1,K20,K19
1,K20,K21
1,K20,K22
1,K20,K23
1,K20,K24
1,K20,K25
1,K20,K26
1,K21,K01
1,K21,K02
1,K21,K03
1,K21,K04
1,K21,K05
1,K21,K06
1,K21,K07
1,K21,K08
1,K21,K09
1,K21,K10
1,K21,K11
1,K21,K12
1,K21,K13
1,K21,K14
1,K21,K15
1,K21,K16
1,K21,K17
1,K21,K18
1,K21,K19
1,K21,K20
1,K21,K22
1,K21,K23
1,K21,K24
1,K21,K25
1,K21,K26
1,K22,K01
1,K22,K02
1,K22,K03
1,K22,K04
1,K22,K05
1,K22,K06
1,K22,K07
1,K22,K08
1,K22,K09
1,K22,K10
1,K22,K11
1,K22,K12
1,K22,K13
1,K22,K14
1,K22,K15
1,K22,K16
1,K22,K17
1,K22,K18
1,K22,K19
1,K22,K20
1,K22,K21
1,K22,K23
1,K22,K24
1,K22,K25
1,K22,K26
1,K23,K01
1,K23,K02
1,K23,K03
1,K23,K04
1,K23,K05
1,K23,K06
1,K23,K07
1,K23,K08
1,K23,K09
1,K23,K10
1,K23,K11
1,K23,K12
1,K23,K13
1,K23,K14
1,K23,K15
1,K23,K16
1,K23,K17
1,K23,K18
1,K23,K19
1,K23,K20
1,K23,K21
1,K23,K22
1,K23,K24
1,K23,K25
1,K23,K26
1,K24,K01
1,K24,K02
1,K24,K03
1,K24,K04
1,K24,K05
1,K24,K06
1,K24,K07
1,K24,K08
1,K24,K09
1,K24,K10
1,K24,K11
1,K24,K12
1,K24,K13
1,K24,K14
1,K24,K15
1,K24,K16
1,K24,K17
1,K24,K18
1,K24,K19
1,K24,K20
1,K24,K21
1,K24,K22
1,K24,K23
1,K24,K25
1,K24,K26
1,K25,K01
1,K25,K02
1,K25,K03
1,K25,K04
1,K25,K05
1,K25,K06
1,K25,K07
1,K25,K08
1,K25,K09
1,K25,K10
1,K25,K11
1,K25,K12
1,K25,K13
1,K25,K14
1,K25,K15
1,K25,K16
1,K25,K17
1,K25,K18
1,K25,K19
1,K25,K20
1,K25,K21
1,K25,K22
1,K25,K23
1,K25,K24
1,K25,K26
1,K26,K01
1,K26,K02
1,K26,K03
1,K26,K04
1,K26,K05
1,K26,K06
1,K26,K07
1,K26,K08
1,K26,K09
1,K26,K10
1,K26,K11
1,K26,K12
1,K26,K13
1,K26,K14
1,K26,K15
1,K26,K16
1,K26,K17
1,K26,K18
1,K26,K19
1,K26,K20
1,K26,K21
1,K26,K22
1,K26,K23
1,K26,K24
1,K26,K25
2,K01,K02
2,K01,K03
2,K01,K04
2,K01,K05
2,K01,K06
2,K01,K07
2,K01,K08
2,K01,K09
2,K01,K10
2,K01,K11
2,K01,K12
2,K01,K13
2,K01,K14
2,K01,K15
2,K01,K16
2,K01,K17
2,K01,K18
2,K01,K19
2,K01,K20
2,K01,K21
2,K01,K22
2,K01,K23
2,K01,K24
2,K01,K25
2,K01,K26
2,K03,K01
2,K03,K02
2,K03,K04
2,K03,K05
2,K03,K06
2,K03,K07
2,K03,K08
2,K03,K09
2,K03,K10
2,K03,K11
2,K03,K12
2,K03,K13
2,K03,K14
2,K03,K15
2,K03,K16
2,K03,K17
2,K03,K18
2,K03,K19
2,K03,K20
2,K03,K21
2,K03,K22
2,K03,K23
2,K03,K24
2,K03,K25
2,K03,K26
2,K04,K01
2,K04,K02
2,K04,K03
2,K04,K05
2,K04,K06
2,K04,K07
2,K04,K08
2,K04,K09
2,K04,K10
2,K04,K11
2,K04,K12
2,K04,K13
2,K04,K14
2,K04,K15
2,K04,K16
2,K04,K17
2,K04,K18
2,K04,K19
2,K04,K20
2,K04,K21
2,K04,K22
2,K04,K23
2,K04,K24
2,K04,K25
2,K04,K26
2,K05,K01
2,K05,K02
2,K05,K03
2,K05,K04
2,K05,K06
2,K05,K07
2,K05,K08
2,K05,K09
2,K05,K10
2,K05,K11
2,K05,K12
2,K05,K13
2,K05,K14
2,K05,K15
2,K05,K16
2,K05,K17
2,K05,K18
2,K05,K19
2,K05,K20
2,K05,K21
2,K05,K22
2,K05,K23
2,K05,K24
2,K05,K25
2,K05,K26
2,K06,K01
2,K06,K02
2,K06,K03
2,K06,K04
2,K06,K05
2,K06,K07
2,K06,K08
2,K06,K09
2,K06,K10
2,K06,K11
2,K06,K12
2,K06,K13
2,K06,K14
2,K06,K15
2,K06,K16
2,K06,K17
2,K06,K18
2,K06,K19
2,K06,K20
2,K06,K21
2,K06,K22
2,K06,K23
2,K06,K24
2,K06,K25
2,K06,K26
2,K07,K01
2,K07,K02
2,K07,K03
2,K07,K04
2,K07,K05
2,K07,K06
2,K07,K08
2,K07,K09
2,K07,K10
2,K07,K11
2,K07,K12
2,K07,K13
2,K07,K14
2,K07,K15
2,K07,K16
2,K07,K17
2,K07,K18
2,K07,K19
2,K07,K20
2,K07,K21
2,K07,K22
2,K07,K23
2,K07,K24
2,K07,K25
2,K07,K26
2,K08,K01
2,K08,K02
2,K08,K03
2,K08,K04
2,K08,K05
2,K08,K06
2,K08,K07
2,K08,K09
2,K08,K10
2,K08,K11
2,K08,K12
2,K08,K13
2,K08,K14
2,K08,K15
2,K08,K16
2,K08,K17
2,K08,K18
2,K08,K19
2,K08,K20
2,K08,K21
2,K08,K22
2,K08,K23
2,K08,K24
2,K08,K25
2,K08,K26
2,K09,K01
2,K09,K02
2,K09,K03
2,K09,K04
2,K09,K05
2,K09,K06
2,K09,K07
2,K09,K08
2,K09,K10
2,K09,K11
2,K09,K12
2,K09,K13
2,K09,K14
2,K09,K15
2,K09,K16
2,K09,K17
2,K09,K18
2,K09,K19
2,K09,K20
2,K09,K21
2,K09,K22
2,K09,K23
2,K09,K24
2,K09,K25
2,K09,K26
2,K10,K01
2,K10,K02
2,K10,K03
2,K10,K04
2,K10,K05
2,K10,K06
2,K10,K07
2,K10,K08
2,K10,K09
2,K10,K11
2,K10,K12
2,K10,K13
2,K10,K14
2,K10,K15
2,K10,K16
2,K10,K17
2,K10,K18
2,K10,K19
2,K10,K20
2,K10,K21
2,K10,K22
2,K10,K23
2,K10,K24
2,K10,K25
2,K10,K26
2,K11,K01
2,K11,K02
2,K11,K03
2,K11,K04
2,K11,K05
2,K11,K06
2,K11,K07
2,K11,K08
2,K11,K09
2,K11,K10
2,K11,K12
2,K11,K13
2,K11,K14
2,K11,K15
2,K11,K16
2,K11,K17
2,K11,K18
2,K11,K19
2,K11,K20
2,K11,K21
2,K11,K22
2,K11,K23
2,K11,K24
2,K11,K25
2,K11,K26
2,K12,K01
2,K12,K02
2,K12,K03
2,K12,K04
2,K12,K05
2,K12,K06
2,K12,K07
2,K12,K08
2,K12,K09
2,K12,K10
2,K12,K11
2,K12,K13
2,K12,K14
2,K12,K15
2,K12,K16
2,K12,K17
2,K12,K18
2,K12,K19
2,K12,K20
2,K12,K21
2,K12,K22
2,K12,K23
2,K12,K24
2,K12,K25
2,K12,K26
2,K13,K01
2,K13,K02
2,K13,K03
2,K13,K04
2,K13,K05
2,K13,K06
2,K13,K07
2,K13,K08
2,K13,K09
2,K13,K10
2,K13,K11
2,K13,K12
2,K13,K14
2,K13,K15
2,K13,K16
2,K13,K17
2,K13,K18
2,K13,K19
2,K13,K20
2,K13,K21
2,K13,K22
2,K13,K23
2,K13,K24
2,K13,K25
2,K13,K26
2,K14,K01
2,K14,K02
2,K14,K03
2,K14,K04
2,K14,K05
2,K14,K06
2,K14,K07
2,K14,K08
2,K14,K09
2,K14,K10
2,K14,K11
2,K14,K12
2,K14,K13
2,K14,K15
2,K14,K16
2,K14,K17
2,K14,K18
2,K14,K19
2,K14,K20
2,K14,K21
2,K14,K22
2,K14,K23
2,K14,K24
2,K14,K25
2,K14,K26
2,K15,K01
2,K15,K02
2,K15,K03
2,K15,K04
2,K15,K05
2,K15,K06
2,K15,K07
2,K15,K08
2,K15,K09
2,K15,K10
2,K15,K11
2,K15,K12
2,K15,K13
2,K15,K14
2,K15,K16
2,K15,K17
2,K15,K18
2,K15,K19
2,K15,K20
2,K15,K21
2,K15,K22
2,K15,K23
2,K15,K24
2,K15,K25
2,K15,K26
2,K16,K01
2,K16,K02
2,K16,K03
2,K16,K04
2,K16,K05
2,K16,K06
2,K16,K07
2,K16,K08
2,K16,K09
2,K16,K10
2,K16,K11
2,K16,K12
2,K16,K13
2,K16,K14
2,K16,K15
2,K16,K17
2,K16,K18
2,K16,K19
2,K16,K20
2,K16,K21
2,K16,K22
2,K16,K23
2,K16,K24
2,K16,K25
2,K16,K26
2,K17,K01
2,K17,K02
2,K17,K03
2,K17,K04
2,K17,K05
2,K17,K06
2,K17,K07
2,K17,K08
2,K17,K09
2,K17,K10
2,K17,K11
2,K17,K12
2,K17,K13
2,K17,K14
2,K17,K15
2,K17,K16
2,K17,K18
2,K17,K19
2,K17,K20
2,K17,K21
2,K17,K22
2,K17,K23
2,K17,K24
2,K17,K25
2,K17,K26
2,K18,K01
2,K18,K02
2,K18,K03
2,K18,K04
2,K18,K05
2,K18,K06
2,K18,K07
2,K18,K08
2,K18,K09
2,K18,K10
2,K18,K11
2,K18,K12
2,K18,K13
2,K18,K14
2,K18,K15
2,K18,K16
2,K18,K17
2,K18,K19
2,K18,K20
2,K18,K21
2,K18,K22
2,K18,K23
2,K18,K24
2,K18,K25
2,K18,K26
2,K19,K01
2,K19,K02
2,K19,K03
2,K19,K04
2,K19,K05
2,K19,K06
2,K19,K07
2,K19,K08
2,K19,K09
2,K19,K10
2,K19,K11
2,K19,K12
2,K19,K13
2,K19,K14
2,K19,K15
2,K19,K16
2,K19,K17
2,K19,K18
2,K19,K20
2,K19,K21
2,K19,K22
2,K19,K23
2,K19,K24
2,K19,K25
2,K19,K26
2,K20,K01
2,K20,K02
2,K20,K03
2,K20,K04
2,K20,K05
2,K20,K06
2,K20,K07
2,K20,K08
2,K20,K09
2,K20,K10
2,K20,K11
2,K20,K12
2,K20,K13
2,K20,K14
2,K20,K15
2,K20,K16
2,K20,K17
2,K20,K18
2,K20,K19
2,K20,K21
2,K20,K22
2,K20,K23
2,K20,K24
2,K20,K25
2,K20,K26
2,K21,K01
2,K21,K02
2,K21,K03
2,K21,K04
2,K21,K05
2,K21,K06
2,K21,K07
2,K21,K08
2,K21,K09
2,K21,K10
2,K21,K11
2,K21,K12
2,K21,K13
2,K21,K14
2,K21,K15
2,K21,K16
2,K21,K17
2,K21,K18
2,K21,K19
2,K21,K20
2,K21,K22
2,K21,K23
2,K21,K24
2,K21,K25
2,K21,K26
2,K22,K01
2,K22,K02
2,K22,K03
2,K22,K04
2,K22,K05
2,K22,K06
2,K22,K07
2,K22,K08
2,K22,K09
2,K22,K10
2,K22,K11
2,K22,K12
2,K22,K13
2,K22,K14
2,K22,K15
2,K22,K16
2,K22,K17
2,K22,K18
2,K22,K19
2,K22,K20
2,K22,K21
2,K22,K23
2,K22,K24
2,K22,K25
2,K22,K26
2,K23,K01
2,K23,K02
2,K23,K03
2,K23,K04
2,K23,K05
2,K23,K06
2,K23,K07
2,K23,K08
2,K23,K09
2,K23,K10
2,K23,K11
2,K23,K12
2,K23,K13
2,K23,K14
2,K23,K15
2,K23,K16
2,K23,K17
2,K23,K18
2,K23,K19
2,K23,K20
2,K23,K21
2,K23,K22
2,K23,K24
2,K23,K25
2,K23,K26
2,K24,K01
2,K24,K02
2,K24,K03
2,K24,K04
2,K24,K05
2,K24,K06
2,K24,K07
2,K24,K08
2,K24,K09
2,K24,K10
2,K24,K11
2,K24,K12
2,K24,K13
2,K24,K14
2,K24,K15
2,K24,K16
2,K24,K17
2,K24,K18
2,K24,K19
2,K24,K20
2,K24,K21
2,K24,K22
2,K24,K23
2,K24,K25
2,K24,K26
2,K25,K01
2,K25,K02
2,K25,K03
2,K25,K04
2,K25,K05
2,K25,K06
2,K25,K07
2,K25,K08
2,K25,K09
2,K25,K10
2,K25,K11
2,K25,K12
2,K25,K13
2,K25,K14
2,K25,K15
2,K25,K16
2,K25,K17
2,K25,K18
2,K25,K19
2,K25,K20
2,K25,K21
2,K25,K22
2,K25,K23
2,K25,K24
2,K25,K26
2,K26,K01
2,K26,K02
2,K26,K03
2,K26,K04
2,K26,K05
2,K26,K06
2,K26,K07
2,K26,K08
2,K26,K09
2,K26,K10
2,K26,K11
2,K26,K12
2,K26,K13
2,K26,K14
2,K26,K15
2,K26,K16
2,K26,K17
2,K26,K18
2,K26,K19
2,K26,K20
2,K26,K21
2,K26,K22
2,K26,K23
2,K26,K24
2,K26,K25
3,K01,K02
3,K01,K03
3,K01,K04
3,K01,K05
3,K01,K06
3,K01,K07
3,K01,K08
3,K01,K09
3,K01,K10
3,K01,K11
3,K01,K12
3,K01,K13
3,K01,K14
3,K01,K15
3,K01,K16
3,K01,K17
3,K01,K18
3,K01,K19
3,K01,K20
3,K01,K22
3,K01,K23
3,K01,K24
3,K01,K25
3,K01,K26
3,K02,K01
3,K02,K03
3,K02,K04
3,K02,K05
3,K02,K06
3,K02,K07
3,K02,K08
3,K02,K09
3,K02,K10
3,K02,K11
3,K02,K12
3,K02,K13
3,K02,K14
3,K02,K15
3,K02,K16
3,K02,K17
3,K02,K18
3,K02,K19
3,K02,K20
3,K02,K22
3,K02,K23
3,K02,K24
3,K02,K25
3,K02,K26
3,K03,K01
3,K03,K02
3,K03,K04
3,K03,K05
3,K03,K06
3,K03,K07
3,K03,K08
3,K03,K09
3,K03,K10
3,K03,K11
3,K03,K12
3,K03,K13
3,K03,K14
3,K03,K15
3,K03,K16
3,K03,K17
3,K03,K18
3,K03,K19
3,K03,K20
3,K03,K22
3,K03,K23
3,K03,K24
3,K03,K25
3,K03,K26
3,K04,K01
3,K04,K02
3,K04,K03
3,K04,K05
3,K04,K06
3,K04,K07
3,K04,K08
3,K04,K09
3,K04,K10
3,K04,K11
3,K04,K12
3,K04,K13
3,K04,K14
3,K04,K15
3,K04,K16
3,K04,K17
3,K04,K18
3,K04,K19
3,K04,K20
3,K04,K22
3,K04,K23
3,K04,K24
3,K04,K25
3,K04,K26
3,K05,K01
3,K05,K02
3,K05,K03
3,K05,K04
3,K05,K06
3,K05,K07
3,K05,K08
3,K05,K09
3,K05,K10
3,K05,K11
3,K05,K12
3,K05,K13
3,K05,K14
3,K05,K15
3,K05,K16
3,K05,K17
3,K05,K18
3,K05,K19
3,K05,K20
3,K05,K22
3,K05,K23
3,K05,K24
3,K05,K25
3,K05,K26
3,K06,K01
3,K06,K02
3,K06,K03
3,K06,K04
3,K06,K05
3,K06,K07
3,K06,K08
3,K06,K09
3,K06,K10
3,K06,K11
3,K06,K12
3,K06,K13
3,K06,K14
3,K06,K15
3,K06,K16
3,K06,K17
3,K06,K18
3,K06,K19
3,K06,K20
3,K06,K22
3,K06,K23
3,K06,K24
3,K06,K25
3,K06,K26
3,K07,K01
3,K07,K02
3,K07,K03
3,K07,K04
3,K07,K05
3,K07,K06
3,K07,K08
3,K07,K09
3,K07,K10
3,K07,K11
3,K07,K12
3,K07,K13
3,K07,K14
3,K07,K15
3,K07,K16
3,K07,K17
3,K07,K18
3,K07,K19
3,K07,K20
3,K07,K22
3,K07,K23
3,K07,K24
3,K07,K25
3,K07,K26
3,K08,K01
3,K08,K02
3,K08,K03
3,K08,K04
3,K08,K05
3,K08,K06
3,K08,K07
3,K08,K09
3,K08,K10
3,K08,K11
3,K08,K12
3,K08,K13
3,K08,K14
3,K08,K15
3,K08,K16
3,K08,K17
3,K08,K18
3,K08,K19
3,K08,K20
3,K08,K22
3,K08,K23
3,K08,K24
3,K08,K25
3,K08,K26
3,K09,K01
3,K09,K02
3,K09,K03
3,K09,K04
3,K09,K05
3,K09,K06
3,K09,K07
3,K09,K08
3,K09,K10
3,K09,K11
3,K09,K12
3,K09,K13
3,K09,K14
3,K09,K15
3,K09,K16
3,K09,K17
3,K09,K18
3,K09,K19
3,K09,K20
3,K09,K22
3,K09,K23
3,K09,K24
3,K09,K25
3,K09,K26
3,K10,K01
3,K10,K02
3,K10,K03
3,K10,K04
3,K10,K05
3,K10,K06
3,K10,K07
3,K10,K08
3,K10,K09
3,K10,K11
3,K10,K12
3,K10,K13
3,K10,K14
3,K10,K15
3,K10,K16
3,K10,K17
3,K10,K18
3,K10,K19
3,K10,K20
3,K10,K22
3,K10,K23
3,K10,K24
3,K10,K25
3,K10,K26
3,K11,K01
3,K11,K02
3,K11,K03
3,K11,K04
3,K11,K05
3,K11,K06
3,K11,K07
3,K11,K08
3,K11,K09
3,K11,K10
3,K11,K12
3,K11,K13
3,K11,K14
3,K11,K15
3,K11,K16
3,K11,K17
3,K11,K18
3,K11,K19
3,K11,K20
3,K11,K22
3,K11,K23
3,K11,K24
3,K11,K25
3,K11,K26
3,K12,K01
3,K12,K02
3,K12,K03
3,K12,K04
3,K12,K05
3,K12,K06
3,K12,K07
3,K12,K08
3,K12,K09
3,K12,K10
3,K12,K11
3,K12,K13
3,K12,K14
3,K12,K15
3,K12,K16
3,K12,K17
3,K12,K18
3,K12,K19
3,K12,K20
3,K12,K22
3,K12,K23
3,K12,K24
3,K12,K25
3,K12,K26
3,K13,K01
3,K13,K02
3,K13,K03
3,K13,K04
3,K13,K05
3,K13,K06
3,K13,K07
3,K13,K08
3,K13,K09
3,K13,K10
3,K13,K11
3,K13,K12
3,K13,K14
3,K13,K15
3,K13,K16
3,K13,K17
3,K13,K18
3,K13,K19
3,K13,K20
3,K13,K22
3,K13,K23
3,K13,K24
3,K13,K25
3,K13,K26
3,K14,K01
3,K14,K02
3,K14,K03
3,K14,K04
3,K14,K05
3,K14,K06
3,K14,K07
3,K14,K08
3,K14,K09
3,K14,K10
3,K14,K11
3,K14,K12
3,K14,K13
3,K14,K15
3,K14,K16
3,K14,K17
3,K14,K18
3,K14,K19
3,K14,K20
3,K14,K22
3,K14,K23
3,K14,K24
3,K14,K25
3,K14,K26
3,K15,K01
3,K15,K02
3,K15,K03
3,K15,K04
3,K15,K05
3,K15,K06
3,K15,K07
3,K15,K08
3,K15,K09
3,K15,K10
3,K15,K11
3,K15,K12
3,K15,K13
3,K15,K14
3,K15,K16
3,K15,K17
3,K15,K18
3,K15,K19
3,K15,K20
3,K15,K22
3,K15,K23
3,K15,K24
3,K15,K25
3,K15,K26
3,K17,K01
3,K17,K02
3,K17,K03
3,K17,K04
3,K17,K05
3,K17,K06
3,K17,K07
3,K17,K08
3,K17,K09
3,K17,K10
3,K17,K11
3,K17,K12
3,K17,K13
3,K17,K14
3,K17,K15
3,K17,K16
3,K17,K18
3,K17,K19
3,K17,K20
3,K17,K22
3,K17,K23
3,K17,K24
3,K17,K25
3,K17,K26
3,K18,K01
3,K18,K02
3,K18,K03
3,K18,K04
3,K18,K05
3,K18,K06
3,K18,K07
3,K18,K08
3,K18,K09
3,K18,K10
3,K18,K11
3,K18,K12
3,K18,K13
3,K18,K14
3,K18,K15
3,K18,K16
3,K18,K17
3,K18,K19
3,K18,K20
3,K18,K22
3,K18,K23
3,K18,K24
3,K18,K25
3,K18,K26
3,K20,K01
3,K20,K02
3,K20,K03
3,K20,K04
3,K20,K05
3,K20,K06
3,K20,K07
3,K20,K08
3,K20,K09
3,K20,K10
3,K20,K11
3,K20,K12
3,K20,K13
3,K20,K14
3,K20,K15
3,K20,K16
3,K20,K17
3,K20,K18
3,K20,K19
3,K20,K22
3,K20,K23
3,K20,K24
3,K20,K25
3,K20,K26
3,K22,K01
3,K22,K02
3,K22,K03
3,K22,K04
3,K22,K05
3,K22,K06
3,K22,K07
3,K22,K08
3,K22,K09
3,K22,K10
3,K22,K11
3,K22,K12
3,K22,K13
3,K22,K14
3,K22,K15
3,K22,K16
3,K22,K17
3,K22,K18
3,K22,K19
3,K22,K20
3,K22,K23
3,K22,K24
3,K22,K25
3,K22,K26
3,K23,K01
3,K23,K02
3,K23,K03
3,K23,K04
3,K23,K05
3,K23,K06
3,K23,K07
3,K23,K08
3,K23,K09
3,K23,K10
3,K23,K11
3,K23,K12
3,K23,K13
3,K23,K14
3,K23,K15
3,K23,K16
3,K23,K17
3,K23,K18
3,K23,K19
3,K23,K20
3,K23,K22
3,K23,K24
3,K23,K25
3,K23,K26
3,K24,K01
3,K24,K02
3,K24,K03
3,K24,K04
3,K24,K05
3,K24,K06
3,K24,K07
3,K24,K08
3,K24,K09
3,K24,K10
3,K24,K11
3,K24,K12
3,K24,K13
3,K24,K14
3,K24,K15
3,K24,K16
3,K24,K17
3,K24,K18
3,K24,K19
3,K24,K20
3,K24,K22
3,K24,K23
3,K24,K25
3,K24,K26
3,K25,K01
3,K25,K02
3,K25,K03
3,K25,K04
3,K25,K05
3,K25,K06
3,K25,K07
3,K25,K08
3,K25,K09
3,K25,K10
3,K25,K11
3,K25,K12
3,K25,K13
3,K25,K14
3,K25,K15
3,K25,K16
3,K25,K17
3,K25,K18
3,K25,K19
3,K25,K20
3,K25,K22
3,K25,K23
3,K25,K24
3,K25,K26
3,K26,K01
3,K26,K02
3,K26,K03
3,K26,K04
3,K26,K05
3,K26,K06
3,K26,K07
3,K26,K08
3,K26,K09
3,K26,K10
3,K26,K11
3,K26,K12
3,K26,K13
3,K26,K14
3,K26,K15
3,K26,K16
3,K26,K17
3,K26,K18
3,K26,K19
3,K26,K20
3,K26,K22
3,K26,K23
3,K26,K24
3,K26,K25
4,K01,K02
4,K01,K03
4,K01,K04
4,K01,K05
4,K01,K06
4,K01,K07
4,K01,K08
4,K01,K09
4,K01,K10
4,K01,K11
4,K01,K12
4,K01,K13
4,K01,K14
4,K01,K15
4,K01,K16
4,K01,K17
4,K01,K18
4,K01,K19
4,K01,K20
4,K01,K22
4,K01,K23
4,K01,K24
4,K01,K25
4,K01,K26
4,K02,K01
4,K02,K03
4,K02,K04
4,K02,K05
4,K02,K06
4,K02,K07
4,K02,K08
4,K02,K09
4,K02,K10
4,K02,K11
4,K02,K12
4,K02,K13
4,K02,K14
4,K02,K15
4,K02,K16
4,K02,K17
4,K02,K18
4,K02,K19
4,K02,K20
4,K02,K22
4,K02,K23
4,K02,K24
4,K02,K25
4,K02,K26
4,K03,K01
4,K03,K02
4,K03,K04
4,K03,K05
4,K03,K06
4,K03,K07
4,K03,K08
4,K03,K09
4,K03,K10
4,K03,K11
4,K03,K12
4,K03,K13
4,K03,K14
4,K03,K15
4,K03,K16
4,K03,K17
4,K03,K18
4,K03,K19
4,K03,K20
4,K03,K22
4,K03,K23
4,K03,K24
4,K03,K25
4,K03,K26
4,K04,K01
4,K04,K02
4,K04,K03
4,K04,K05
4,K04,K06
4,K04,K07
4,K04,K08
4,K04,K09
4,K04,K10
4,K04,K11
4,K04,K12
4,K04,K13
4,K04,K14
4,K04,K15
4,K04,K16
4,K04,K17
4,K04,K18
4,K04,K19
4,K04,K20
4,K04,K22
4,K04,K23
4,K04,K24
4,K04,K25
4,K04,K26
4,K05,K01
4,K05,K02
4,K05,K03
4,K05,K04
4,K05,K06
4,K05,K07
4,K05,K08
4,K05,K09
4,K05,K10
4,K05,K11
4,K05,K12
4,K05,K13
4,K05,K14
4,K05,K15
4,K05,K16
4,K05,K17
4,K05,K18
4,K05,K19
4,K05,K20
4,K05,K22
4,K05,K23
4,K05,K24
4,K05,K25
4,K05,K26
4,K06,K01
4,K06,K02
4,K06,K03
4,K06,K04
4,K06,K05
4,K06,K07
4,K06,K08
4,K06,K09
4,K06,K10
4,K06,K11
4,K06,K12
4,K06,K13
4,K06,K14
4,K06,K15
4,K06,K16
4,K06,K17
4,K06,K18
4,K06,K19
4,K06,K20
4,K06,K22
4,K06,K23
4,K06,K24
4,K06,K25
4,K06,K26
4,K07,K01
4,K07,K02
4,K07,K03
4,K07,K04
4,K07,K05
4,K07,K06
4,K07,K08
4,K07,K09
4,K07,K10
4,K07,K11
4,K07,K12
4,K07,K13
4,K07,K14
4,K07,K15
4,K07,K16
4,K07,K17
4,K07,K18
4,K07,K19
4,K07,K20
4,K07,K22
4,K07,K23
4,K07,K24
4,K07,K25
4,K07,K26
4,K08,K01
4,K08,K02
4,K08,K03
4,K08,K04
4,K08,K05
4,K08,K06
4,K08,K07
4,K08,K09
4,K08,K10
4,K08,K11
4,K08,K12
4,K08,K13
4,K08,K14
4,K08,K15
4,K08,K16
4,K08,K17
4,K08,K18
4,K08,K19
4,K08,K20
4,K08,K22
4,K08,K23
4,K08,K24
4,K08,K25
4,K08,K26
4,K09,K01
4,K09,K02
4,K09,K03
4,K09,K04
4,K09,K05
4,K09,K06
4,K09,K07
4,K09,K08
4,K09,K10
4,K09,K11
4,K09,K12
4,K09,K13
4,K09,K14
4,K09,K15
4,K09,K16
4,K09,K17
4,K09,K18
4,K09,K19
4,K09,K20
4,K09,K22
4,K09,K23
4,K09,K24
4,K09,K25
4,K09,K26
4,K10,K01
4,K10,K02
4,K10,K03
4,K10,K04
4,K10,K05
4,K10,K06
4,K10,K07
4,K10,K08
4,K10,K09
4,K10,K11
4,K10,K12
4,K10,K13
4,K10,K14
4,K10,K15
4,K10,K16
4,K10,K17
4,K10,K18
4,K10,K19
4,K10,K20
4,K10,K22
4,K10,K23
4,K10,K24
4,K10,K25
4,K10,K26
4,K11,K01
4,K11,K02
4,K11,K03
4,K11,K04
4,K11,K05
4,K11,K06
4,K11,K07
4,K11,K08
4,K11,K09
4,K11,K10
4,K11,K12
4,K11,K13
4,K11,K14
4,K11,K15
4,K11,K16
4,K11,K17
4,K11,K18
4,K11,K19
4,K11,K20
4,K11,K22
4,K11,K23
4,K11,K24
4,K11,K25
4,K11,K26
4,K12,K01
4,K12,K02
4,K12,K03
4,K12,K04
4,K12,K05
4,K12,K06
4,K12,K07
4,K12,K08
4,K12,K09
4,K12,K10
4,K12,K11
4,K12,K13
4,K12,K14
4,K12,K15
4,K12,K16
4,K12,K17
4,K12,K18
4,K12,K19
4,K12,K20
4,K12,K22
4,K12,K23
4,K12,K24
4,K12,K25
4,K12,K26
4,K13,K01
4,K13,K02
4,K13,K03
4,K13,K04
4,K13,K05
4,K13,K06
4,K13,K07
4,K13,K08
4,K13,K09
4,K13,K10
4,K13,K11
4,K13,K12
4,K13,K14
4,K13,K15
4,K13,K16
4,K13,K17
4,K13,K18
4,K13,K19
4,K13,K20
4,K13,K22
4,K13,K23
4,K13,K24
4,K13,K25
4,K13,K26
4,K14,K01
4,K14,K02
4,K14,K03
4,K14,K04
4,K14,K05
4,K14,K06
4,K14,K07
4,K14,K08
4,K14,K09
4,K14,K10
4,K14,K11
4,K14,K12
4,K14,K13
4,K14,K15
4,K14,K16
4,K14,K17
4,K14,K18
4,K14,K19
4,K14,K20
4,K14,K22
4,K14,K23
4,K14,K24
4,K14,K25
4,K14,K26
4,K15,K01
4,K15,K02
4,K15,K03
4,K15,K04
4,K15,K05
4,K15,K06
4,K15,K07
4,K15,K08
4,K15,K09
4,K15,K10
4,K15,K11
4,K15,K12
4,K15,K13
4,K15,K14
4,K15,K16
4,K15,K17
4,K15,K18
4,K15,K19
4,K15,K20
4,K15,K22
4,K15,K23
4,K15,K24
4,K15,K25
4,K15,K26
4,K16,K01
4,K16,K02
4,K16,K03
4,K16,K04
4,K16,K05
4,K16,K06
4,K16,K07
4,K16,K08
4,K16,K09
4,K16,K10
4,K16,K11
4,K16,K12
4,K16,K13
4,K16,K14
4,K16,K15
4,K16,K17
4,K16,K18
4,K16,K19
4,K16,K20
4,K16,K22
4,K16,K23
4,K16,K24
4,K16,K25
4,K16,K26
4,K17,K01
4,K17,K02
4,K17,K03
4,K17,K04
4,K17,K05
4,K17,K06
4,K17,K07
4,K17,K08
4,K17,K09
4,K17,K10
4,K17,K11
4,K17,K12
4,K17,K13
4,K17,K14
4,K17,K15
4,K17,K16
4,K17,K18
4,K17,K19
4,K17,K20
4,K17,K22
4,K17,K23
4,K17,K24
4,K17,K25
4,K17,K26
4,K18,K01
4,K18,K02
4,K18,K03
4,K18,K04
4,K18,K05
4,K18,K06
4,K18,K07
4,K18,K08
4,K18,K09
4,K18,K10
4,K18,K11
4,K18,K12
4,K18,K13
4,K18,K14
4,K18,K15
4,K18,K16
4,K18,K17
4,K18,K19
4,K18,K20
4,K18,K22
4,K18,K23
4,K18,K24
4,K18,K25
4,K18,K26
4,K19,K01
4,K19,K02
4,K19,K03
4,K19,K04
4,K19,K05
4,K19,K06
4,K19,K07
4,K19,K08
4,K19,K09
4,K19,K10
4,K19,K11
4,K19,K12
4,K19,K13
4,K19,K14
4,K19,K15
4,K19,K16
4,K19,K17
4,K19,K18
4,K19,K20
4,K19,K22
4,K19,K23
4,K19,K24
4,K19,K25
4,K19,K26
4,K20,K01
4,K20,K02
4,K20,K03
4,K20,K04
4,K20,K05
4,K20,K06
4,K20,K07
4,K20,K08
4,K20,K09
4,K20,K10
4,K20,K11
4,K20,K12
4,K20,K13
4,K20,K14
4,K20,K15
4,K20,K16
4,K20,K17
4,K20,K18
4,K20,K19
4,K20,K22
4,K20,K23
4,K20,K24
4,K20,K25
4,K20,K26
4,K22,K01
4,K22,K02
4,K22,K03
4,K22,K04
4,K22,K05
4,K22,K06
4,K22,K07
4,K22,K08
4,K22,K09
4,K22,K10
4,K22,K11
4,K22,K12
4,K22,K13
4,K22,K14
4,K22,K15
4,K22,K16
4,K22,K17
4,K22,K18
4,K22,K19
4,K22,K20
4,K22,K23
4,K22,K24
4,K22,K25
4,K22,K26
4,K23,K01
4,K23,K02
4,K23,K03
4,K23,K04
4,K23,K05
4,K23,K06
4,K23,K07
4,K23,K08
4,K23,K09
4,K23,K10
4,K23,K11
4,K23,K12
4,K23,K13
4,K23,K14
4,K23,K15
4,K23,K16
4,K23,K17
4,K23,K18
4,K23,K19
4,K23,K20
4,K23,K22
4,K23,K24
4,K23,K25
4,K23,K26
4,K24,K01
4,K24,K02
4,K24,K03
4,K24,K04
4,K24,K05
4,K24,K06
4,K24,K07
4,K24,K08
4,K24,K09
4,K24,K10
4,K24,K11
4,K24,K12
4,K24,K13
4,K24,K14
4,K24,K15
4,K24,K16
4,K24,K17
4,K24,K18
4,K24,K19
4,K24,K20
4,K24,K22
4,K24,K23
4,K24,K25
4,K24,K26
4,K25,K01
4,K25,K02
4,K25,K03
4,K25,K04
4,K25,K05
4,K25,K06
4,K25,K07
4,K25,K08
4,K25,K09
4,K25,K10
4,K25,K11
4,K25,K12
4,K25,K13
4,K25,K14
4,K25,K15
4,K25,K16
4,K25,K17
4,K25,K18
4,K25,K19
4,K25,K20
4,K25,K22
4,K25,K23
4,K25,K24
4,K25,K26
4,K26,K01
4,K26,K02
4,K26,K03
4,K26,K04
4,K26,K05
4,K26,K06
4,K26,K07
4,K26,K08
4,K26,K09
4,K26,K10
4,K26,K11
4,K26,K12
4,K26,K13
4,K26,K14
4,K26,K15
4,K26,K16
4,K26,K17
4,K26,K18
4,K26,K19
4,K26,K20
4,K26,K22
4,K26,K23
4,K26,K24
4,K26,K25
