id,seniority,status,gender,office,years_firm,age,practice,law_school
L01,1,partner,man,Boston,31,64,litigation,Harvard/Yale
L02,2,partner,man,Boston,32,62,corporate,Harvard/Yale
L03,3,partner,man,Hartford,13,67,litigation,Harvard/Yale
L04,4,partner,man,Boston,31,59,corporate,other
L05,5,partner,man,Hartford,31,59,litigation,UConnecticut
L06,6,partner,man,Hartford,29,55,litigation,Harvard/Yale
L07,7,partner,man,Hartford,29,63,corporate,other
L08,8,partner,man,Boston,28,53,litigation,other
L09,9,partner,man,Boston,25,53,corporate,Harvard/Yale
L10,10,partner,man,Boston,25,53,corporate,other
L11,11,partner,man,Boston,23,50,litigation,Harvard/Yale
L12,12,partner,man,Boston,24,52,corporate,UConnecticut
L13,13,partner,man,Boston,22,57,litigation,UConnecticut
L14,14,partner,man,Hartford,1,56,corporate,Harvard/Yale
L15,15,partner,man,Providence,21,48,corporate,other
L16,16,partner,man,Boston,20,46,corporate,Harvard/Yale
L17,17,partner,man,Boston,23,50,corporate,Harvard/Yale
L18,18,partner,man,Hartford,18,45,litigation,UConnecticut
L19,19,partner,man,Boston,19,46,corporate,Harvard/Yale
L20,20,partner,man,Boston,19,49,litigation,Harvard/Yale
L21,21,partner,man,Boston,17,43,litigation,UConnecticut
L22,22,partner,man,Boston,9,49,litigation,other
L23,23,partner,man,Boston,16,45,litigation,UConnecticut
L24,24,partner,man,Boston,15,44,litigation,UConnecticut
L25,25,partner,man,Hartford,15,43,corporate,UConnecticut
L26,26,partner,man,Boston,15,41,litigation,other
L27,27,partner,woman,Boston,13,47,litigation,Harvard/Yale
L28,28,partner,man,Hartford,11,38,corporate,UConnecticut
L29,29,partner,woman,Boston,10,38,corporate,other
L30,30,partner,man,Hartford,7,39,litigation,other
L31,31,partner,man,Hartford,8,34,litigation,UConnecticut
L32,32,partner,man,Hartford,8,33,litigation,other
L33,33,partner,man,Hartford,8,37,litigation,other
L34,34,partner,woman,Boston,8,36,corporate,UConnecticut
L35,35,partner,man,Hartford,8,33,corporate,other
L36,36,partner,man,Boston,5,43,litigation,other
L37,37,associate,man,Providence,5,44,corporate,other
L38,38,associate,woman,Boston,7,53,litigation,UConnecticut
L39,39,associate,woman,Boston,6,37,litigation,Harvard/Yale
L40,40,associate,man,Boston,6,34,litigation,Harvard/Yale
L41,41,associate,man,Boston,5,31,litigation,UConnecticut
L42,42,associate,man,Boston,4,31,corporate,UConnecticut
L43,43,associate,woman,Boston,5,47,litigation,UConnecticut
L44,44,associate,woman,Providence,5,53,corporate,Harvard/Yale
L45,45,associate,man,Boston,3,38,corporate,other
L46,46,associate,woman,Hartford,3,42,corporate,UConnecticut
L47,47,associate,man,Providence,3,38,litigation,other
L48,48,associate,woman,Boston,1,35,corporate,other
L49,49,associate,man,Boston,4,36,litigation,UConnecticut
L50,50,associate,man,Hartford,3,31,corporate,UConnecticut
L51,51,associate,woman,Hartford,4,29,litigation,other
L52,52,associate,man,Boston,4,29,litigation,other
L53,53,associate,man,Boston,10,38,corporate,other
L54,54,associate,man,Boston,3,29,litigation,other
L55,55,associate,man,Boston,3,34,litigation,other
L56,56,associate,man,Boston,3,38,litigation,UConnecticut
L57,57,associate,woman,Boston,3,33,litigation,UConnecticut
L58,58,associate,man,Hartford,3,33,litigation,other
L59,59,associate,woman,Hartford,2,30,litigation,UConnecticut
L60,60,associate,woman,Boston,2,31,corporate,UConnecticut
L61,61,associate,woman,Boston,2,34,corporate,other
L62,62,associate,man,Boston,2,32,corporate,UConnecticut
L63,63,associate,man,Hartford,2,29,corporate,UConnecticut
L64,64,associate,woman,Boston,2,45,corporate,UConnecticut
L65,65,associate,man,Boston,2,28,litigation,other
L66,66,associate,man,Boston,1,43,litigation,other
L67,67,associate,woman,Boston,1,35,litigation,UConnecticut
L68,68,associate,man,Boston,1,26,litigation,other
L69,69,associate,woman,Boston,1,38,litigation,other
L70,70,associate,man,Boston,1,31,corporate,UConnecticut
L71,71,associate,woman,Boston,1,26,litigation,UConnecticut
