"wave","id"
"1","John Bosco"
"1","Gregory"
"1","Basil"
"1","Peter"
"1","Bonaventure"
"1","Berthold"
"1","Mark"
"1","Victor"
"1","Ambrose"
"1","Romauld"
"1","Louis"
"1","Winfrid"
"1","Amand"
"1","Hugh"
"1","Boniface"
"1","Albert"
"1","Elias"
"1","Simplicius"
"2","John Bosco"
"2","Gregory"
"2","Basil"
"2","Peter"
"2","Bonaventure"
"2","Berthold"
"2","Mark"
"2","Victor"
"2","Ambrose"
"2","Romauld"
"2","Louis"
"2","Winfrid"
"2","Amand"
"2","Hugh"
"2","Boniface"
"2","Albert"
"2","Elias"
"2","Simplicius"
"3","John Bosco"
"3","Gregory"
"3","Basil"
"3","Peter"
"3","Bonaventure"
"3","Berthold"
"3","Mark"
"3","Victor"
"3","Ambrose"
"3","Romauld"
"3","Louis"
"3","Winfrid"
"3","Amand"
"3","Hugh"
"3","Boniface"
"3","Albert"
"3","Elias"
"3","Simplicius"
