"source","target"
"John Bosco","Basil"
"John Bosco","Winfrid"
"John Bosco","Hugh"
"Gregory","John Bosco"
"Gregory","Mark"
"Gregory","Winfrid"
"Basil","John Bosco"
"Basil","Amand"
"Basil","Elias"
"Basil","Simplicius"
"Peter","Bonaventure"
"Peter","Berthold"
"Peter","Louis"
"Bonaventure","Peter"
"Bonaventure","Ambrose"
"Bonaventure","Louis"
"Berthold","Peter"
"Berthold","Bonaventure"
"Berthold","Ambrose"
"Mark","Gregory"
"Mark","Winfrid"
"Mark","Albert"
"Victor","Peter"
"Victor","Berthold"
"Victor","Ambrose"
"Ambrose","Bonaventure"
"Ambrose","Victor"
"Ambrose","Winfrid"
"Romauld","Peter"
"Romauld","Bonaventure"
"Romauld","Ambrose"
"Romauld","Amand"
"Louis","Bonaventure"
"Louis","Victor"
"Louis","Hugh"
"Winfrid","John Bosco"
"Winfrid","Gregory"
"Winfrid","Mark"
"Amand","Bonaventure"
"Amand","Mark"
"Amand","Simplicius"
"Hugh","John Bosco"
"Hugh","Winfrid"
"Hugh","Boniface"
"Boniface","Gregory"
"Boniface","Mark"
"Boniface","Winfrid"
"Albert","Gregory"
"Albert","Mark"
"Albert","Boniface"
"Elias","Gregory"
"Elias","Basil"
"Elias","Simplicius"
"Simplicius","Gregory"
"Simplicius","Basil"
"Simplicius","Elias"
