"wave","source","target"
"1","G033","G001"
"1","G014","G002"
"1","G037","G002"
"1","G098","G002"
"1","G116","G002"
"1","G137","G002"
"1","G148","G002"
"1","G028","G003"
"1","G007","G004"
"1","G008","G004"
"1","G011","G004"
"1","G012","G004"
"1","G015","G004"
"1","G039","G004"
"1","G089","G004"
"1","G010","G005"
"1","G044","G005"
"1","G051","G005"
"1","G005","G006"
"1","G008","G007"
"1","G011","G007"
"1","G026","G007"
"1","G004","G008"
"1","G011","G008"
"1","G015","G008"
"1","G021","G008"
"1","G026","G008"
"1","G039","G008"
"1","G005","G010"
"1","G071","G010"
"1","G007","G011"
"1","G004","G012"
"1","G008","G012"
"1","G015","G012"
"1","G039","G012"
"1","G089","G012"
"1","G019","G013"
"1","G115","G013"
"1","G004","G015"
"1","G007","G015"
"1","G008","G015"
"1","G012","G015"
"1","G026","G015"
"1","G039","G015"
"1","G020","G018"
"1","G021","G018"
"1","G022","G018"
"1","G095","G018"
"1","G138","G018"
"1","G013","G019"
"1","G095","G020"
"1","G095","G021"
"1","G014","G022"
"1","G018","G022"
"1","G007","G023"
"1","G020","G023"
"1","G021","G023"
"1","G026","G023"
"1","G007","G026"
"1","G008","G026"
"1","G011","G026"
"1","G023","G026"
"1","G033","G027"
"1","G034","G027"
"1","G093","G027"
"1","G001","G028"
"1","G003","G028"
"1","G027","G028"
"1","G033","G028"
"1","G034","G028"
"1","G041","G028"
"1","G052","G028"
"1","G065","G028"
"1","G087","G028"
"1","G022","G032"
"1","G130","G032"
"1","G141","G032"
"1","G001","G033"
"1","G027","G034"
"1","G028","G034"
"1","G041","G034"
"1","G005","G035"
"1","G032","G035"
"1","G051","G035"
"1","G149","G035"
"1","G150","G035"
"1","G151","G035"
"1","G035","G036"
"1","G149","G036"
"1","G150","G036"
"1","G151","G036"
"1","G002","G037"
"1","G038","G037"
"1","G039","G037"
"1","G068","G037"
"1","G148","G037"
"1","G037","G038"
"1","G148","G038"
"1","G004","G039"
"1","G008","G039"
"1","G011","G039"
"1","G012","G039"
"1","G015","G039"
"1","G089","G039"
"1","G028","G041"
"1","G034","G041"
"1","G047","G042"
"1","G055","G043"
"1","G059","G043"
"1","G066","G043"
"1","G005","G044"
"1","G035","G044"
"1","G049","G044"
"1","G050","G044"
"1","G051","G044"
"1","G058","G044"
"1","G076","G044"
"1","G101","G044"
"1","G146","G044"
"1","G046","G045"
"1","G064","G045"
"1","G043","G046"
"1","G057","G046"
"1","G060","G046"
"1","G099","G046"
"1","G061","G047"
"1","G047","G049"
"1","G050","G049"
"1","G057","G049"
"1","G060","G049"
"1","G074","G049"
"1","G098","G049"
"1","G137","G049"
"1","G047","G050"
"1","G049","G050"
"1","G057","G050"
"1","G060","G050"
"1","G005","G051"
"1","G035","G051"
"1","G044","G051"
"1","G049","G051"
"1","G050","G051"
"1","G058","G051"
"1","G101","G051"
"1","G043","G052"
"1","G046","G052"
"1","G065","G052"
"1","G066","G052"
"1","G068","G053"
"1","G100","G053"
"1","G054","G055"
"1","G070","G055"
"1","G043","G056"
"1","G055","G056"
"1","G059","G056"
"1","G061","G056"
"1","G066","G056"
"1","G068","G056"
"1","G088","G056"
"1","G089","G056"
"1","G105","G056"
"1","G047","G057"
"1","G050","G057"
"1","G060","G057"
"1","G003","G058"
"1","G010","G058"
"1","G044","G058"
"1","G049","G058"
"1","G050","G058"
"1","G060","G058"
"1","G071","G058"
"1","G079","G058"
"1","G146","G058"
"1","G043","G059"
"1","G055","G059"
"1","G056","G059"
"1","G061","G059"
"1","G066","G059"
"1","G070","G059"
"1","G127","G059"
"1","G135","G059"
"1","G050","G060"
"1","G057","G060"
"1","G042","G061"
"1","G047","G061"
"1","G054","G061"
"1","G055","G061"
"1","G056","G061"
"1","G068","G061"
"1","G105","G061"
"1","G049","G062"
"1","G120","G062"
"1","G045","G064"
"1","G066","G064"
"1","G027","G065"
"1","G028","G065"
"1","G034","G065"
"1","G041","G065"
"1","G043","G065"
"1","G046","G065"
"1","G052","G065"
"1","G064","G065"
"1","G066","G065"
"1","G086","G065"
"1","G087","G065"
"1","G043","G066"
"1","G052","G066"
"1","G064","G066"
"1","G125","G066"
"1","G047","G068"
"1","G053","G068"
"1","G085","G068"
"1","G100","G068"
"1","G074","G069"
"1","G081","G069"
"1","G083","G069"
"1","G106","G069"
"1","G113","G069"
"1","G055","G070"
"1","G088","G070"
"1","G010","G071"
"1","G058","G071"
"1","G084","G071"
"1","G146","G071"
"1","G052","G072"
"1","G076","G072"
"1","G086","G072"
"1","G087","G072"
"1","G082","G073"
"1","G069","G074"
"1","G081","G074"
"1","G083","G074"
"1","G098","G074"
"1","G106","G074"
"1","G113","G074"
"1","G076","G075"
"1","G080","G075"
"1","G083","G075"
"1","G084","G075"
"1","G090","G075"
"1","G075","G076"
"1","G080","G076"
"1","G084","G076"
"1","G090","G076"
"1","G079","G077"
"1","G084","G077"
"1","G044","G078"
"1","G069","G078"
"1","G076","G078"
"1","G079","G078"
"1","G080","G078"
"1","G084","G078"
"1","G149","G078"
"1","G061","G079"
"1","G080","G079"
"1","G084","G079"
"1","G075","G080"
"1","G076","G080"
"1","G079","G080"
"1","G090","G080"
"1","G092","G081"
"1","G073","G082"
"1","G074","G083"
"1","G075","G083"
"1","G085","G083"
"1","G079","G084"
"1","G080","G084"
"1","G081","G085"
"1","G083","G085"
"1","G100","G085"
"1","G072","G086"
"1","G073","G086"
"1","G076","G086"
"1","G087","G086"
"1","G052","G087"
"1","G065","G087"
"1","G073","G087"
"1","G086","G087"
"1","G093","G087"
"1","G059","G088"
"1","G070","G088"
"1","G089","G088"
"1","G092","G088"
"1","G097","G088"
"1","G105","G088"
"1","G112","G088"
"1","G004","G089"
"1","G012","G089"
"1","G015","G089"
"1","G039","G089"
"1","G070","G089"
"1","G088","G089"
"1","G105","G089"
"1","G112","G089"
"1","G075","G090"
"1","G080","G090"
"1","G053","G091"
"1","G068","G091"
"1","G069","G091"
"1","G148","G091"
"1","G081","G092"
"1","G122","G092"
"1","G027","G093"
"1","G086","G093"
"1","G087","G093"
"1","G018","G095"
"1","G020","G095"
"1","G021","G095"
"1","G108","G095"
"1","G138","G095"
"1","G059","G097"
"1","G112","G097"
"1","G002","G098"
"1","G074","G098"
"1","G113","G098"
"1","G137","G098"
"1","G046","G099"
"1","G081","G099"
"1","G044","G101"
"1","G051","G101"
"1","G098","G101"
"1","G113","G101"
"1","G131","G101"
"1","G056","G105"
"1","G059","G105"
"1","G097","G105"
"1","G112","G105"
"1","G032","G106"
"1","G069","G106"
"1","G108","G106"
"1","G113","G106"
"1","G116","G106"
"1","G114","G107"
"1","G123","G107"
"1","G116","G108"
"1","G111","G109"
"1","G115","G109"
"1","G099","G111"
"1","G109","G111"
"1","G115","G111"
"1","G089","G112"
"1","G097","G112"
"1","G105","G112"
"1","G069","G113"
"1","G074","G113"
"1","G098","G113"
"1","G101","G113"
"1","G106","G113"
"1","G107","G114"
"1","G113","G114"
"1","G117","G114"
"1","G123","G114"
"1","G013","G115"
"1","G019","G115"
"1","G097","G115"
"1","G112","G115"
"1","G118","G115"
"1","G125","G115"
"1","G127","G115"
"1","G002","G116"
"1","G100","G116"
"1","G108","G116"
"1","G014","G117"
"1","G130","G117"
"1","G142","G117"
"1","G127","G118"
"1","G029","G120"
"1","G062","G120"
"1","G072","G120"
"1","G126","G120"
"1","G131","G120"
"1","G141","G120"
"1","G142","G120"
"1","G132","G121"
"1","G134","G121"
"1","G130","G122"
"1","G137","G122"
"1","G006","G123"
"1","G107","G123"
"1","G114","G123"
"1","G055","G125"
"1","G029","G126"
"1","G062","G126"
"1","G131","G126"
"1","G118","G127"
"1","G135","G127"
"1","G032","G130"
"1","G141","G130"
"1","G029","G131"
"1","G062","G131"
"1","G072","G131"
"1","G101","G131"
"1","G120","G131"
"1","G126","G131"
"1","G121","G132"
"1","G134","G132"
"1","G121","G134"
"1","G132","G134"
"1","G143","G134"
"1","G147","G134"
"1","G059","G135"
"1","G118","G135"
"1","G127","G135"
"1","G098","G137"
"1","G018","G138"
"1","G020","G138"
"1","G021","G138"
"1","G095","G138"
"1","G140","G138"
"1","G121","G139"
"1","G132","G139"
"1","G130","G140"
"1","G137","G140"
"1","G138","G140"
"1","G032","G141"
"1","G137","G141"
"1","G142","G141"
"1","G122","G142"
"1","G140","G142"
"1","G147","G143"
"1","G032","G144"
"1","G150","G144"
"1","G151","G144"
"1","G010","G146"
"1","G058","G146"
"1","G071","G146"
"1","G134","G147"
"1","G143","G147"
"1","G014","G148"
"1","G037","G148"
"1","G038","G148"
"1","G117","G148"
"1","G150","G148"
"1","G035","G149"
"1","G051","G149"
"1","G144","G149"
"1","G146","G149"
"1","G150","G149"
"1","G151","G149"
"1","G035","G150"
"1","G036","G150"
"1","G151","G150"
"1","G022","G151"
"1","G035","G151"
"1","G036","G151"
"1","G071","G151"
"1","G144","G151"
"1","G150","G151"
"2","G027","G001"
"2","G028","G001"
"2","G033","G001"
"2","G022","G002"
"2","G037","G002"
"2","G038","G002"
"2","G098","G002"
"2","G116","G002"
"2","G148","G002"
"2","G007","G004"
"2","G008","G004"
"2","G011","G004"
"2","G015","G004"
"2","G020","G004"
"2","G039","G004"
"2","G089","G004"
"2","G118","G004"
"2","G127","G004"
"2","G035","G005"
"2","G051","G005"
"2","G101","G005"
"2","G149","G005"
"2","G011","G007"
"2","G020","G007"
"2","G023","G007"
"2","G026","G007"
"2","G004","G008"
"2","G007","G008"
"2","G012","G008"
"2","G026","G008"
"2","G039","G008"
"2","G089","G008"
"2","G127","G008"
"2","G007","G011"
"2","G012","G011"
"2","G015","G011"
"2","G043","G011"
"2","G097","G011"
"2","G004","G012"
"2","G008","G012"
"2","G015","G012"
"2","G043","G012"
"2","G019","G013"
"2","G099","G013"
"2","G004","G015"
"2","G007","G015"
"2","G011","G015"
"2","G012","G015"
"2","G039","G015"
"2","G043","G015"
"2","G138","G018"
"2","G013","G019"
"2","G023","G020"
"2","G095","G020"
"2","G138","G020"
"2","G018","G021"
"2","G023","G021"
"2","G095","G021"
"2","G138","G021"
"2","G018","G022"
"2","G151","G022"
"2","G020","G023"
"2","G021","G023"
"2","G026","G023"
"2","G007","G026"
"2","G008","G026"
"2","G023","G026"
"2","G001","G027"
"2","G028","G027"
"2","G033","G027"
"2","G093","G027"
"2","G027","G028"
"2","G033","G028"
"2","G046","G032"
"2","G069","G032"
"2","G113","G032"
"2","G130","G032"
"2","G141","G032"
"2","G001","G033"
"2","G027","G033"
"2","G029","G034"
"2","G041","G034"
"2","G107","G034"
"2","G126","G034"
"2","G005","G035"
"2","G076","G035"
"2","G149","G035"
"2","G032","G036"
"2","G049","G036"
"2","G084","G036"
"2","G098","G036"
"2","G117","G036"
"2","G146","G036"
"2","G150","G036"
"2","G151","G036"
"2","G002","G037"
"2","G038","G037"
"2","G068","G037"
"2","G148","G037"
"2","G002","G038"
"2","G037","G038"
"2","G061","G038"
"2","G116","G038"
"2","G130","G038"
"2","G004","G039"
"2","G008","G039"
"2","G011","G039"
"2","G089","G039"
"2","G118","G039"
"2","G127","G039"
"2","G072","G041"
"2","G131","G041"
"2","G061","G042"
"2","G012","G043"
"2","G015","G043"
"2","G059","G043"
"2","G066","G043"
"2","G073","G043"
"2","G010","G044"
"2","G051","G044"
"2","G058","G044"
"2","G071","G044"
"2","G072","G044"
"2","G076","G044"
"2","G131","G044"
"2","G142","G044"
"2","G146","G044"
"2","G151","G044"
"2","G064","G045"
"2","G152","G045"
"2","G047","G049"
"2","G050","G049"
"2","G057","G049"
"2","G060","G049"
"2","G098","G049"
"2","G137","G049"
"2","G057","G050"
"2","G060","G050"
"2","G062","G050"
"2","G005","G051"
"2","G035","G051"
"2","G101","G051"
"2","G028","G052"
"2","G056","G052"
"2","G064","G052"
"2","G065","G052"
"2","G087","G052"
"2","G105","G052"
"2","G123","G052"
"2","G091","G053"
"2","G070","G055"
"2","G055","G056"
"2","G061","G056"
"2","G105","G056"
"2","G112","G056"
"2","G006","G057"
"2","G050","G057"
"2","G060","G057"
"2","G062","G057"
"2","G010","G058"
"2","G044","G058"
"2","G060","G058"
"2","G071","G058"
"2","G076","G058"
"2","G077","G058"
"2","G131","G058"
"2","G146","G058"
"2","G043","G059"
"2","G055","G059"
"2","G066","G059"
"2","G135","G059"
"2","G049","G060"
"2","G050","G060"
"2","G057","G060"
"2","G042","G061"
"2","G053","G061"
"2","G055","G061"
"2","G056","G061"
"2","G068","G061"
"2","G081","G061"
"2","G083","G061"
"2","G091","G061"
"2","G100","G061"
"2","G050","G062"
"2","G057","G062"
"2","G060","G062"
"2","G120","G062"
"2","G152","G064"
"2","G052","G065"
"2","G064","G065"
"2","G086","G065"
"2","G087","G065"
"2","G107","G065"
"2","G114","G065"
"2","G123","G065"
"2","G043","G066"
"2","G070","G066"
"2","G082","G066"
"2","G125","G066"
"2","G053","G068"
"2","G055","G068"
"2","G061","G068"
"2","G083","G068"
"2","G091","G068"
"2","G095","G068"
"2","G100","G068"
"2","G116","G068"
"2","G032","G069"
"2","G055","G070"
"2","G044","G071"
"2","G058","G071"
"2","G077","G071"
"2","G142","G071"
"2","G003","G072"
"2","G028","G072"
"2","G029","G072"
"2","G041","G072"
"2","G062","G072"
"2","G120","G072"
"2","G126","G072"
"2","G070","G073"
"2","G082","G073"
"2","G002","G074"
"2","G014","G074"
"2","G069","G074"
"2","G075","G074"
"2","G106","G074"
"2","G113","G074"
"2","G049","G075"
"2","G090","G075"
"2","G075","G076"
"2","G084","G076"
"2","G090","G076"
"2","G080","G077"
"2","G084","G077"
"2","G146","G077"
"2","G077","G078"
"2","G084","G078"
"2","G149","G078"
"2","G150","G079"
"2","G151","G079"
"2","G069","G080"
"2","G075","G080"
"2","G099","G081"
"2","G066","G082"
"2","G070","G082"
"2","G073","G082"
"2","G099","G082"
"2","G020","G083"
"2","G021","G083"
"2","G061","G083"
"2","G068","G083"
"2","G091","G083"
"2","G095","G083"
"2","G036","G084"
"2","G076","G084"
"2","G078","G084"
"2","G083","G085"
"2","G095","G085"
"2","G087","G086"
"2","G093","G086"
"2","G028","G087"
"2","G052","G087"
"2","G065","G087"
"2","G086","G087"
"2","G093","G087"
"2","G107","G087"
"2","G123","G087"
"2","G056","G088"
"2","G089","G088"
"2","G105","G088"
"2","G112","G088"
"2","G004","G089"
"2","G039","G089"
"2","G043","G089"
"2","G070","G089"
"2","G088","G089"
"2","G112","G089"
"2","G053","G091"
"2","G061","G091"
"2","G068","G091"
"2","G083","G091"
"2","G090","G091"
"2","G100","G091"
"2","G116","G091"
"2","G122","G092"
"2","G150","G092"
"2","G001","G093"
"2","G027","G093"
"2","G086","G093"
"2","G020","G095"
"2","G021","G095"
"2","G083","G095"
"2","G100","G095"
"2","G112","G097"
"2","G118","G097"
"2","G036","G098"
"2","G049","G098"
"2","G084","G098"
"2","G106","G098"
"2","G120","G098"
"2","G137","G098"
"2","G046","G099"
"2","G055","G099"
"2","G081","G099"
"2","G112","G099"
"2","G115","G099"
"2","G116","G100"
"2","G005","G101"
"2","G035","G101"
"2","G051","G101"
"2","G056","G105"
"2","G069","G106"
"2","G074","G106"
"2","G088","G106"
"2","G101","G106"
"2","G108","G106"
"2","G113","G106"
"2","G034","G107"
"2","G052","G107"
"2","G123","G107"
"2","G080","G109"
"2","G111","G109"
"2","G109","G111"
"2","G088","G112"
"2","G089","G112"
"2","G105","G112"
"2","G002","G113"
"2","G069","G113"
"2","G074","G113"
"2","G106","G113"
"2","G035","G114"
"2","G065","G114"
"2","G107","G114"
"2","G013","G115"
"2","G019","G115"
"2","G066","G115"
"2","G099","G115"
"2","G112","G115"
"2","G125","G115"
"2","G037","G116"
"2","G038","G116"
"2","G091","G116"
"2","G100","G116"
"2","G108","G116"
"2","G014","G117"
"2","G120","G117"
"2","G144","G117"
"2","G148","G117"
"2","G008","G118"
"2","G039","G118"
"2","G097","G118"
"2","G127","G118"
"2","G135","G118"
"2","G002","G120"
"2","G014","G120"
"2","G037","G120"
"2","G080","G120"
"2","G098","G120"
"2","G113","G120"
"2","G056","G121"
"2","G105","G121"
"2","G132","G121"
"2","G134","G121"
"2","G139","G121"
"2","G081","G122"
"2","G150","G122"
"2","G052","G123"
"2","G087","G123"
"2","G107","G123"
"2","G114","G123"
"2","G066","G125"
"2","G070","G125"
"2","G115","G125"
"2","G029","G126"
"2","G041","G126"
"2","G072","G126"
"2","G086","G126"
"2","G120","G126"
"2","G008","G127"
"2","G039","G127"
"2","G097","G127"
"2","G118","G127"
"2","G135","G127"
"2","G032","G130"
"2","G137","G130"
"2","G141","G130"
"2","G029","G131"
"2","G121","G132"
"2","G134","G132"
"2","G139","G132"
"2","G121","G134"
"2","G132","G134"
"2","G139","G134"
"2","G143","G134"
"2","G147","G134"
"2","G059","G135"
"2","G098","G137"
"2","G108","G137"
"2","G130","G137"
"2","G140","G137"
"2","G141","G137"
"2","G018","G138"
"2","G121","G139"
"2","G132","G139"
"2","G134","G139"
"2","G071","G140"
"2","G108","G140"
"2","G130","G140"
"2","G137","G140"
"2","G141","G140"
"2","G038","G141"
"2","G137","G141"
"2","G071","G142"
"2","G140","G142"
"2","G115","G143"
"2","G147","G143"
"2","G080","G144"
"2","G081","G144"
"2","G117","G144"
"2","G044","G146"
"2","G058","G146"
"2","G134","G147"
"2","G143","G147"
"2","G014","G148"
"2","G037","G148"
"2","G038","G148"
"2","G117","G148"
"2","G005","G149"
"2","G035","G149"
"2","G076","G149"
"2","G083","G149"
"2","G010","G150"
"2","G036","G150"
"2","G081","G150"
"2","G118","G150"
"2","G122","G150"
"2","G151","G150"
"2","G010","G151"
"2","G022","G151"
"2","G032","G151"
"2","G036","G151"
"2","G044","G151"
"2","G079","G151"
"2","G150","G151"
"3","G027","G001"
"3","G028","G001"
"3","G033","G001"
"3","G022","G002"
"3","G037","G002"
"3","G038","G002"
"3","G130","G002"
"3","G148","G002"
"3","G064","G003"
"3","G012","G004"
"3","G020","G004"
"3","G039","G004"
"3","G089","G004"
"3","G112","G004"
"3","G118","G004"
"3","G127","G004"
"3","G035","G005"
"3","G051","G005"
"3","G149","G005"
"3","G093","G006"
"3","G123","G006"
"3","G146","G006"
"3","G008","G007"
"3","G015","G007"
"3","G020","G007"
"3","G026","G007"
"3","G097","G007"
"3","G004","G008"
"3","G007","G008"
"3","G020","G008"
"3","G026","G008"
"3","G039","G008"
"3","G089","G008"
"3","G097","G008"
"3","G150","G010"
"3","G151","G010"
"3","G007","G011"
"3","G008","G011"
"3","G015","G011"
"3","G089","G011"
"3","G097","G011"
"3","G008","G012"
"3","G043","G012"
"3","G089","G012"
"3","G066","G013"
"3","G022","G014"
"3","G007","G015"
"3","G011","G015"
"3","G089","G015"
"3","G132","G015"
"3","G091","G018"
"3","G100","G018"
"3","G108","G018"
"3","G138","G018"
"3","G070","G019"
"3","G095","G020"
"3","G091","G021"
"3","G095","G021"
"3","G014","G022"
"3","G018","G022"
"3","G036","G022"
"3","G130","G022"
"3","G151","G022"
"3","G020","G023"
"3","G021","G023"
"3","G026","G023"
"3","G023","G026"
"3","G001","G027"
"3","G028","G027"
"3","G033","G027"
"3","G093","G027"
"3","G001","G028"
"3","G027","G028"
"3","G033","G028"
"3","G093","G028"
"3","G027","G029"
"3","G034","G029"
"3","G069","G032"
"3","G130","G032"
"3","G141","G032"
"3","G001","G033"
"3","G027","G033"
"3","G028","G033"
"3","G028","G034"
"3","G029","G034"
"3","G086","G034"
"3","G093","G034"
"3","G107","G034"
"3","G005","G035"
"3","G076","G035"
"3","G022","G036"
"3","G037","G036"
"3","G098","G036"
"3","G120","G036"
"3","G150","G036"
"3","G151","G036"
"3","G002","G037"
"3","G022","G037"
"3","G038","G037"
"3","G120","G037"
"3","G148","G037"
"3","G014","G038"
"3","G037","G038"
"3","G130","G038"
"3","G148","G038"
"3","G004","G039"
"3","G008","G039"
"3","G089","G039"
"3","G118","G039"
"3","G127","G039"
"3","G139","G039"
"3","G072","G041"
"3","G131","G041"
"3","G061","G042"
"3","G122","G042"
"3","G142","G042"
"3","G008","G043"
"3","G012","G043"
"3","G058","G044"
"3","G071","G044"
"3","G080","G044"
"3","G144","G044"
"3","G146","G044"
"3","G064","G045"
"3","G152","G045"
"3","G050","G049"
"3","G057","G049"
"3","G060","G049"
"3","G062","G049"
"3","G074","G049"
"3","G084","G049"
"3","G106","G049"
"3","G113","G049"
"3","G137","G049"
"3","G049","G050"
"3","G057","G050"
"3","G060","G050"
"3","G069","G050"
"3","G074","G050"
"3","G084","G050"
"3","G106","G050"
"3","G113","G050"
"3","G005","G051"
"3","G035","G051"
"3","G062","G051"
"3","G076","G051"
"3","G101","G051"
"3","G149","G051"
"3","G065","G052"
"3","G086","G052"
"3","G087","G052"
"3","G107","G052"
"3","G068","G053"
"3","G083","G053"
"3","G070","G055"
"3","G055","G056"
"3","G088","G056"
"3","G105","G056"
"3","G112","G056"
"3","G049","G057"
"3","G050","G057"
"3","G060","G057"
"3","G074","G057"
"3","G106","G057"
"3","G113","G057"
"3","G010","G058"
"3","G044","G058"
"3","G071","G058"
"3","G146","G058"
"3","G149","G058"
"3","G043","G059"
"3","G135","G059"
"3","G049","G060"
"3","G057","G060"
"3","G113","G060"
"3","G055","G061"
"3","G079","G061"
"3","G091","G061"
"3","G092","G061"
"3","G050","G062"
"3","G051","G062"
"3","G069","G062"
"3","G075","G062"
"3","G101","G062"
"3","G003","G064"
"3","G052","G065"
"3","G064","G065"
"3","G087","G065"
"3","G107","G065"
"3","G013","G066"
"3","G073","G066"
"3","G105","G066"
"3","G115","G066"
"3","G125","G066"
"3","G007","G068"
"3","G053","G068"
"3","G083","G068"
"3","G116","G068"
"3","G032","G069"
"3","G050","G069"
"3","G074","G069"
"3","G141","G069"
"3","G019","G070"
"3","G055","G070"
"3","G058","G071"
"3","G003","G072"
"3","G041","G072"
"3","G131","G072"
"3","G013","G073"
"3","G043","G073"
"3","G066","G073"
"3","G082","G073"
"3","G115","G073"
"3","G125","G073"
"3","G049","G074"
"3","G050","G074"
"3","G057","G074"
"3","G060","G074"
"3","G069","G074"
"3","G084","G074"
"3","G106","G074"
"3","G113","G074"
"3","G005","G075"
"3","G051","G075"
"3","G062","G075"
"3","G076","G075"
"3","G090","G075"
"3","G035","G076"
"3","G075","G076"
"3","G084","G076"
"3","G090","G076"
"3","G101","G076"
"3","G005","G077"
"3","G071","G077"
"3","G090","G077"
"3","G084","G078"
"3","G126","G078"
"3","G149","G078"
"3","G055","G079"
"3","G061","G079"
"3","G072","G080"
"3","G075","G080"
"3","G099","G081"
"3","G013","G082"
"3","G066","G082"
"3","G073","G082"
"3","G115","G082"
"3","G020","G083"
"3","G021","G083"
"3","G053","G083"
"3","G068","G083"
"3","G085","G083"
"3","G095","G083"
"3","G116","G083"
"3","G027","G084"
"3","G076","G084"
"3","G091","G084"
"3","G007","G085"
"3","G014","G085"
"3","G021","G085"
"3","G038","G085"
"3","G053","G085"
"3","G068","G085"
"3","G083","G085"
"3","G095","G085"
"3","G034","G086"
"3","G087","G086"
"3","G093","G086"
"3","G052","G087"
"3","G065","G087"
"3","G086","G087"
"3","G093","G087"
"3","G107","G087"
"3","G056","G088"
"3","G105","G088"
"3","G112","G088"
"3","G004","G089"
"3","G008","G089"
"3","G011","G089"
"3","G012","G089"
"3","G039","G089"
"3","G018","G091"
"3","G061","G091"
"3","G068","G091"
"3","G100","G091"
"3","G108","G091"
"3","G116","G091"
"3","G138","G091"
"3","G055","G092"
"3","G061","G092"
"3","G110","G092"
"3","G122","G092"
"3","G027","G093"
"3","G028","G093"
"3","G029","G093"
"3","G033","G093"
"3","G034","G093"
"3","G086","G093"
"3","G087","G093"
"3","G007","G095"
"3","G020","G095"
"3","G021","G095"
"3","G053","G095"
"3","G068","G095"
"3","G083","G095"
"3","G085","G095"
"3","G036","G098"
"3","G120","G098"
"3","G137","G098"
"3","G081","G099"
"3","G112","G099"
"3","G018","G100"
"3","G108","G100"
"3","G116","G100"
"3","G005","G101"
"3","G035","G101"
"3","G051","G101"
"3","G062","G101"
"3","G075","G101"
"3","G076","G101"
"3","G056","G105"
"3","G088","G105"
"3","G112","G105"
"3","G049","G106"
"3","G050","G106"
"3","G057","G106"
"3","G060","G106"
"3","G069","G106"
"3","G074","G106"
"3","G113","G106"
"3","G034","G107"
"3","G052","G107"
"3","G065","G107"
"3","G087","G107"
"3","G114","G107"
"3","G018","G108"
"3","G091","G108"
"3","G100","G108"
"3","G116","G108"
"3","G138","G108"
"3","G111","G109"
"3","G152","G109"
"3","G061","G110"
"3","G092","G110"
"3","G122","G110"
"3","G109","G111"
"3","G152","G111"
"3","G056","G112"
"3","G088","G112"
"3","G105","G112"
"3","G049","G113"
"3","G057","G113"
"3","G060","G113"
"3","G106","G113"
"3","G107","G114"
"3","G123","G114"
"3","G013","G115"
"3","G066","G115"
"3","G073","G115"
"3","G082","G115"
"3","G099","G115"
"3","G125","G115"
"3","G038","G117"
"3","G120","G117"
"3","G125","G117"
"3","G130","G117"
"3","G142","G117"
"3","G148","G117"
"3","G004","G118"
"3","G127","G118"
"3","G132","G118"
"3","G022","G120"
"3","G037","G120"
"3","G098","G120"
"3","G117","G120"
"3","G142","G120"
"3","G148","G120"
"3","G151","G120"
"3","G056","G121"
"3","G083","G121"
"3","G105","G121"
"3","G132","G121"
"3","G134","G121"
"3","G139","G121"
"3","G147","G121"
"3","G010","G122"
"3","G036","G122"
"3","G092","G122"
"3","G150","G122"
"3","G001","G123"
"3","G006","G123"
"3","G107","G123"
"3","G114","G123"
"3","G066","G125"
"3","G073","G125"
"3","G115","G125"
"3","G041","G126"
"3","G131","G126"
"3","G004","G127"
"3","G039","G127"
"3","G068","G127"
"3","G092","G127"
"3","G118","G127"
"3","G041","G131"
"3","G126","G131"
"3","G056","G132"
"3","G121","G132"
"3","G083","G134"
"3","G121","G134"
"3","G132","G134"
"3","G139","G134"
"3","G142","G134"
"3","G143","G134"
"3","G147","G134"
"3","G059","G135"
"3","G141","G137"
"3","G018","G138"
"3","G021","G138"
"3","G091","G138"
"3","G100","G138"
"3","G108","G138"
"3","G039","G139"
"3","G112","G139"
"3","G121","G139"
"3","G132","G139"
"3","G134","G139"
"3","G130","G140"
"3","G141","G140"
"3","G137","G141"
"3","G117","G142"
"3","G121","G143"
"3","G134","G143"
"3","G147","G143"
"3","G080","G144"
"3","G006","G146"
"3","G044","G146"
"3","G058","G146"
"3","G071","G146"
"3","G144","G146"
"3","G105","G147"
"3","G134","G147"
"3","G143","G147"
"3","G002","G148"
"3","G014","G148"
"3","G037","G148"
"3","G038","G148"
"3","G117","G148"
"3","G150","G148"
"3","G035","G149"
"3","G051","G149"
"3","G071","G149"
"3","G076","G149"
"3","G010","G150"
"3","G122","G150"
"3","G151","G150"
"3","G010","G151"
"3","G022","G151"
"3","G036","G151"
"3","G098","G151"
"3","G120","G151"
"3","G146","G151"
"3","G150","G151"
"3","G070","G152"
"3","G099","G152"
