"wave","id","alcohol","cannabis","tobacco"
"1","G001",3,1,2
"1","G002",NA,1,1
"1","G003",2,2,3
"1","G004",2,1,1
"1","G005",2,1,1
"1","G006",3,3,3
"1","G007",2,1,1
"1","G008",2,1,1
"1","G010",NA,2,1
"1","G011",2,1,1
"1","G012",3,1,1
"1","G013",4,1,1
"1","G014",2,1,1
"1","G015",2,1,1
"1","G018",2,1,1
"1","G019",4,3,3
"1","G020",2,1,1
"1","G021",NA,1,1
"1","G022",NA,1,1
"1","G023",NA,1,1
"1","G026",2,1,1
"1","G027",4,1,1
"1","G028",5,2,3
"1","G029",5,3,3
"1","G032",2,1,1
"1","G033",3,1,1
"1","G034",4,1,2
"1","G035",2,2,1
"1","G036",3,2,1
"1","G037",NA,1,1
"1","G038",NA,1,1
"1","G039",NA,1,1
"1","G041",4,2,2
"1","G042",2,1,1
"1","G043",2,1,1
"1","G044",3,3,1
"1","G045",3,3,3
"1","G046",4,1,1
"1","G047",1,1,2
"1","G049",3,1,1
"1","G050",NA,1,1
"1","G051",3,3,1
"1","G052",3,1,1
"1","G053",3,1,1
"1","G054",2,1,1
"1","G055",NA,1,1
"1","G056",1,1,1
"1","G057",4,1,2
"1","G058",4,2,1
"1","G059",3,1,1
"1","G060",3,2,1
"1","G061",NA,1,1
"1","G062",3,1,1
"1","G064",4,4,3
"1","G065",4,3,2
"1","G066",3,1,1
"1","G068",NA,1,1
"1","G069",2,1,1
"1","G070",3,1,1
"1","G071",4,3,1
"1","G072",4,3,3
"1","G073",2,1,1
"1","G074",3,3,1
"1","G075",2,2,1
"1","G076",2,1,1
"1","G077",4,1,1
"1","G078",1,2,1
"1","G079",2,1,1
"1","G080",2,1,1
"1","G081",2,3,2
"1","G082",2,1,1
"1","G083",NA,1,1
"1","G084",2,1,1
"1","G085",2,2,1
"1","G086",3,2,1
"1","G087",1,1,1
"1","G088",4,1,1
"1","G089",4,1,1
"1","G090",2,1,1
"1","G091",2,1,1
"1","G092",2,1,1
"1","G093",3,1,1
"1","G095",2,1,1
"1","G097",2,1,1
"1","G098",4,3,1
"1","G099",3,2,1
"1","G100",3,2,1
"1","G101",2,2,1
"1","G105",2,1,1
"1","G106",2,1,1
"1","G107",4,1,1
"1","G108",2,1,1
"1","G109",2,1,1
"1","G110",2,1,1
"1","G111",3,1,1
"1","G112",2,1,1
"1","G113",2,2,1
"1","G114",3,1,1
"1","G115",4,1,1
"1","G116",2,1,1
"1","G117",3,1,1
"1","G118",2,1,1
"1","G120",NA,1,1
"1","G121",1,1,1
"1","G122",4,2,1
"1","G123",4,1,2
"1","G125",NA,1,1
"1","G126",4,3,3
"1","G127",2,1,1
"1","G130",3,1,2
"1","G131",5,3,2
"1","G132",NA,1,1
"1","G134",2,1,1
"1","G135",3,1,1
"1","G137",2,1,1
"1","G138",2,1,1
"1","G139",2,1,1
"1","G140",2,1,1
"1","G141",2,1,1
"1","G142",3,1,1
"1","G143",2,1,1
"1","G144",5,4,3
"1","G146",5,1,1
"1","G147",1,1,1
"1","G148",2,1,1
"1","G149",1,2,1
"1","G150",2,1,1
"1","G151",3,1,1
"1","G152",1,2,1
"2","G001",1,1,1
"2","G002",NA,1,1
"2","G003",2,3,3
"2","G004",2,1,1
"2","G005",3,1,1
"2","G006",2,3,3
"2","G007",3,1,1
"2","G008",2,1,1
"2","G010",3,2,1
"2","G011",3,1,1
"2","G012",3,2,1
"2","G013",4,1,1
"2","G014",3,2,1
"2","G015",3,1,2
"2","G018",NA,1,1
"2","G019",5,2,3
"2","G020",2,1,1
"2","G021",NA,1,1
"2","G022",2,1,1
"2","G023",NA,1,1
"2","G026",NA,1,1
"2","G027",5,1,2
"2","G028",5,2,2
"2","G029",5,3,2
"2","G032",3,1,1
"2","G033",4,1,2
"2","G034",4,2,2
"2","G035",3,2,1
"2","G036",3,3,1
"2","G037",2,1,1
"2","G038",NA,1,1
"2","G039",2,1,1
"2","G041",5,3,3
"2","G042",2,1,1
"2","G043",4,1,2
"2","G044",3,2,1
"2","G045",3,3,3
"2","G046",3,1,3
"2","G047",1,3,3
"2","G049",4,1,1
"2","G050",4,1,1
"2","G051",3,3,1
"2","G052",5,3,3
"2","G053",4,1,1
"2","G054",3,1,1
"2","G055",NA,1,1
"2","G056",1,1,1
"2","G057",4,1,3
"2","G058",3,2,1
"2","G059",2,1,1
"2","G060",3,1,1
"2","G061",NA,1,1
"2","G062",3,1,1
"2","G064",4,3,3
"2","G065",5,3,3
"2","G066",3,1,1
"2","G068",NA,1,1
"2","G069",2,3,1
"2","G070",4,1,1
"2","G071",4,2,1
"2","G072",4,3,3
"2","G073",2,1,2
"2","G074",4,4,3
"2","G075",5,3,3
"2","G076",3,1,1
"2","G077",4,1,1
"2","G078",1,2,1
"2","G079",4,1,1
"2","G080",3,1,3
"2","G081",2,3,3
"2","G082",2,1,1
"2","G083",NA,1,1
"2","G084",NA,1,1
"2","G085",2,2,1
"2","G086",3,2,1
"2","G087",3,1,1
"2","G088",4,1,1
"2","G089",2,1,1
"2","G090",2,1,1
"2","G091",NA,1,1
"2","G092",NA,1,1
"2","G093",4,1,1
"2","G095",2,1,1
"2","G097",2,1,1
"2","G098",4,3,1
"2","G099",3,2,1
"2","G100",2,1,1
"2","G101",2,2,1
"2","G105",2,1,1
"2","G106",3,3,1
"2","G107",4,1,1
"2","G108",NA,1,1
"2","G109",3,2,1
"2","G110",3,1,1
"2","G111",3,2,3
"2","G112",NA,1,1
"2","G113",3,2,3
"2","G114",3,1,1
"2","G115",4,1,1
"2","G116",2,1,1
"2","G117",2,2,1
"2","G118",2,1,1
"2","G120",NA,1,1
"2","G121",NA,1,1
"2","G122",2,1,1
"2","G123",3,1,1
"2","G125",NA,1,1
"2","G126",5,3,3
"2","G127",2,1,1
"2","G130",2,1,1
"2","G131",5,3,1
"2","G132",NA,1,1
"2","G134",2,1,1
"2","G135",2,1,1
"2","G137",NA,1,1
"2","G138",2,1,1
"2","G139",2,1,1
"2","G140",4,1,1
"2","G141",2,1,1
"2","G142",2,1,1
"2","G143",3,1,1
"2","G144",5,3,3
"2","G146",4,2,1
"2","G147",2,1,1
"2","G148",4,1,1
"2","G149",3,3,1
"2","G150",3,1,1
"2","G151",3,2,1
"2","G152",2,2,3
"3","G001",3,1,1
"3","G002",NA,1,1
"3","G003",2,3,3
"3","G004",3,1,1
"3","G005",3,1,1
"3","G006",5,4,3
"3","G007",3,1,1
"3","G008",2,1,1
"3","G010",3,3,1
"3","G011",2,1,1
"3","G012",4,3,1
"3","G013",4,1,3
"3","G014",2,1,1
"3","G015",3,2,3
"3","G018",2,1,1
"3","G019",4,3,3
"3","G020",2,1,1
"3","G021",NA,1,1
"3","G022",2,1,1
"3","G023",NA,1,1
"3","G026",2,1,1
"3","G027",4,1,2
"3","G028",5,2,1
"3","G029",5,3,3
"3","G032",3,3,1
"3","G033",3,1,3
"3","G034",5,3,3
"3","G035",2,2,1
"3","G036",4,3,1
"3","G037",3,1,1
"3","G038",2,1,1
"3","G039",2,1,1
"3","G041",4,2,3
"3","G042",4,4,1
"3","G043",4,2,2
"3","G044",5,3,3
"3","G045",4,3,2
"3","G046",3,2,1
"3","G047",4,2,3
"3","G049",4,3,2
"3","G050",4,3,1
"3","G051",3,4,1
"3","G052",5,3,3
"3","G053",3,1,1
"3","G054",3,1,1
"3","G055",1,1,1
"3","G056",3,1,1
"3","G057",3,3,1
"3","G058",5,3,1
"3","G059",3,1,1
"3","G060",3,2,1
"3","G061",4,1,1
"3","G062",4,3,1
"3","G064",2,3,3
"3","G065",3,4,3
"3","G066",3,2,1
"3","G068",NA,1,1
"3","G069",3,3,1
"3","G070",4,1,1
"3","G071",5,2,1
"3","G072",3,3,3
"3","G073",3,1,1
"3","G074",4,4,3
"3","G075",3,4,3
"3","G076",3,2,1
"3","G077",4,1,1
"3","G078",3,2,1
"3","G079",4,2,1
"3","G080",2,4,3
"3","G081",4,4,3
"3","G082",4,1,1
"3","G083",NA,1,1
"3","G084",2,1,1
"3","G085",4,2,1
"3","G086",3,1,1
"3","G087",4,3,3
"3","G088",4,1,1
"3","G089",4,1,1
"3","G090",2,2,1
"3","G091",2,1,1
"3","G092",2,1,1
"3","G093",3,1,3
"3","G095",2,1,1
"3","G097",2,1,1
"3","G098",4,3,2
"3","G099",4,3,1
"3","G100",4,2,1
"3","G101",3,4,2
"3","G105",4,1,1
"3","G106",4,3,3
"3","G107",4,3,3
"3","G108",2,2,1
"3","G109",4,3,3
"3","G110",3,1,1
"3","G111",4,4,3
"3","G112",3,1,1
"3","G113",4,3,1
"3","G114",4,3,1
"3","G115",4,3,3
"3","G116",NA,1,1
"3","G117",3,2,1
"3","G118",3,NA,1
"3","G120",NA,1,1
"3","G121",NA,1,1
"3","G122",4,2,1
"3","G123",4,3,3
"3","G125",2,1,1
"3","G126",5,3,3
"3","G127",4,2,1
"3","G130",2,1,1
"3","G131",5,3,1
"3","G132",2,1,1
"3","G134",2,1,1
"3","G135",3,1,1
"3","G137",3,1,1
"3","G138",2,1,1
"3","G139",2,1,1
"3","G140",4,2,1
"3","G141",2,1,1
"3","G142",4,2,1
"3","G143",4,1,1
"3","G144",5,3,3
"3","G146",3,2,1
"3","G147",3,1,1
"3","G148",2,1,1
"3","G149",3,3,1
"3","G150",4,3,1
"3","G151",3,1,1
"3","G152",3,3,3
