"wave","id","delinquency","alcohol"
"1","K01",2,
"1","K02",1,
"1","K03",2,
"1","K04",2,
"1","K05",1,
"1","K06",1,
"1","K07",1,
"1","K08",1,
"1","K09",0,
"1","K10",2,
"1","K11",2,
"1","K12",1,
"1","K13",1,
"1","K14",1,
"1","K15",1,
"1","K16",1,
"1","K17",1,
"1","K18",2,
"1","K19",1,
"1","K20",3,
"1","K22",1,
"1","K23",4,
"1","K24",1,
"1","K25",1,
"1","K26",1,
"2","K01",2,1
"2","K02",0,0
"2","K03",2,3
"2","K04",2,1
"2","K05",1,1
"2","K06",1,1
"2","K07",2,4
"2","K08",1,1
"2","K09",2,3
"2","K10",2,2
"2","K11",2,2
"2","K12",1,1
"2","K13",2,2
"2","K14",2,1
"2","K15",1,1
"2","K16",1,1
"2","K17",1,1
"2","K18",1,1
"2","K19",0,0
"2","K20",3,2
"2","K22",1,1
"2","K23",1,1
"2","K24",1,1
"2","K25",2,1
"2","K26",2,1
"3","K01",3,4
"3","K02",1,2
"3","K03",1,1
"3","K04",3,1
"3","K05",2,1
"3","K06",1,1
"3","K07",2,3
"3","K08",2,1
"3","K09",3,3
"3","K10",2,2
"3","K11",2,2
"3","K12",3,5
"3","K13",3,3
"3","K14",2,3
"3","K15",1,1
"3","K16",0,0
"3","K17",1,1
"3","K18",2,1
"3","K19",0,0
"3","K20",3,2
"3","K22",1,1
"3","K23",3,0
"3","K24",1,1
"3","K25",1,1
"3","K26",3,2
"4","K01",5,5
"4","K02",2,2
"4","K03",4,4
"4","K04",2,1
"4","K05",1,1
"4","K06",1,1
"4","K07",2,4
"4","K08",1,1
"4","K09",3,5
"4","K10",2,3
"4","K11",2,3
"4","K12",3,5
"4","K13",2,4
"4","K14",1,5
"4","K15",2,1
"4","K16",2,1
"4","K17",1,2
"4","K18",1,1
"4","K19",1,1
"4","K20",2,1
"4","K22",1,1
"4","K23",4,5
"4","K24",1,1
"4","K25",1,1
"4","K26",2,4
