"wave","id","alcohol","smoking","cannabis"
"1","S001",3,2,1
"1","S002",2,3,2
"1","S003",2,1,1
"1","S004",2,1,1
"1","S005",3,1,1
"1","S006",4,1,1
"1","S007",4,1,3
"1","S008",4,3,3
"1","S009",2,1,1
"1","S010",4,1,1
"1","S011",5,3,2
"1","S012",5,3,3
"1","S013",3,1,3
"1","S014",3,1,1
"1","S015",4,2,1
"1","S016",4,2,2
"1","S017",2,1,1
"1","S018",4,1,1
"1","S019",3,1,1
"1","S020",2,1,1
"1","S021",1,1,1
"1","S022",3,1,1
"1","S023",4,3,4
"1","S024",3,1,1
"1","S025",3,1,1
"1","S026",4,3,3
"1","S027",2,1,1
"1","S028",2,1,1
"1","S029",3,1,2
"1","S030",1,1,1
"1","S031",4,1,1
"1","S032",4,1,1
"1","S033",3,1,1
"1","S034",2,1,1
"1","S035",3,1,2
"1","S036",4,1,1
"1","S037",2,1,1
"1","S038",3,1,1
"1","S039",2,1,1
"1","S040",1,1,1
"1","S041",4,2,1
"1","S042",4,3,3
"1","S043",2,1,1
"1","S044",5,2,3
"1","S045",2,1,1
"1","S046",2,1,1
"1","S047",2,1,1
"1","S048",2,1,1
"1","S049",1,1,1
"1","S050",1,1,2
"2","S001",1,1,1
"2","S002",2,3,3
"2","S003",3,1,1
"2","S004",3,1,1
"2","S005",3,1,2
"2","S006",4,1,1
"2","S007",4,2,3
"2","S008",5,3,2
"2","S009",2,1,1
"2","S010",5,2,1
"2","S011",5,2,2
"2","S012",5,2,3
"2","S013",2,1,3
"2","S014",4,2,1
"2","S015",4,2,2
"2","S016",5,3,3
"2","S017",4,2,1
"2","S018",3,3,1
"2","S019",5,3,3
"2","S020",3,1,1
"2","S021",1,1,1
"2","S022",2,1,1
"2","S023",4,3,3
"2","S024",3,1,1
"2","S025",4,1,1
"2","S026",4,3,3
"2","S027",2,2,1
"2","S028",2,1,1
"2","S029",3,1,2
"2","S030",3,1,1
"2","S031",4,1,1
"2","S032",2,1,1
"2","S033",4,1,1
"2","S034",2,1,1
"2","S035",3,1,2
"2","S036",4,1,1
"2","S037",2,1,1
"2","S038",3,1,1
"2","S039",2,1,1
"2","S040",1,1,1
"2","S041",3,1,1
"2","S042",5,3,3
"2","S043",2,1,1
"2","S044",5,1,3
"2","S045",2,1,1
"2","S046",2,1,1
"2","S047",2,1,1
"2","S048",3,1,1
"2","S049",2,1,1
"2","S050",2,3,2
"3","S001",3,1,1
"3","S002",2,3,3
"3","S003",3,1,1
"3","S004",2,1,1
"3","S005",4,1,3
"3","S006",4,3,1
"3","S007",3,3,2
"3","S008",4,3,3
"3","S009",2,1,1
"3","S010",4,2,1
"3","S011",5,1,2
"3","S012",5,3,3
"3","S013",2,1,3
"3","S014",3,3,1
"3","S015",5,3,3
"3","S016",4,3,2
"3","S017",4,2,2
"3","S018",3,1,2
"3","S019",5,3,3
"3","S020",3,1,1
"3","S021",3,1,1
"3","S022",3,1,1
"3","S023",2,3,3
"3","S024",3,1,2
"3","S025",4,1,1
"3","S026",3,3,3
"3","S027",3,1,1
"3","S028",4,1,1
"3","S029",3,1,1
"3","S030",4,3,3
"3","S031",4,1,1
"3","S032",4,1,1
"3","S033",3,3,1
"3","S034",2,1,1
"3","S035",4,1,3
"3","S036",4,3,3
"3","S037",3,1,1
"3","S038",4,1,3
"3","S039",3,1,1
"3","S040",1,1,1
"3","S041",4,3,3
"3","S042",5,3,3
"3","S043",4,1,2
"3","S044",5,1,3
"3","S045",2,1,1
"3","S046",2,1,1
"3","S047",2,1,1
"3","S048",4,1,1
"3","S049",3,1,1
"3","S050",3,3,3
