wave,id,transition_block
828,6,before_missing_921
828,7,before_missing_921
828,16,before_missing_921
828,17,before_missing_921
828,18,before_missing_921
828,19,before_missing_921
828,45,before_missing_921
828,60,before_missing_921
828,61,before_missing_921
828,62,before_missing_921
828,66,before_missing_921
829,6,before_missing_921
829,7,before_missing_921
829,16,before_missing_921
829,18,before_missing_921
829,20,before_missing_921
829,24,before_missing_921
829,26,before_missing_921
829,33,before_missing_921
829,37,before_missing_921
829,40,before_missing_921
829,47,before_missing_921
829,62,before_missing_921
829,104,before_missing_921
829,111,before_missing_921
830,6,before_missing_921
830,9,before_missing_921
830,10,before_missing_921
830,14,before_missing_921
830,16,before_missing_921
830,17,before_missing_921
830,20,before_missing_921
830,21,before_missing_921
830,29,before_missing_921
830,33,before_missing_921
830,41,before_missing_921
830,42,before_missing_921
830,43,before_missing_921
830,45,before_missing_921
830,46,before_missing_921
830,48,before_missing_921
830,49,before_missing_921
830,66,before_missing_921
830,68,before_missing_921
830,89,before_missing_921
830,92,before_missing_921
830,93,before_missing_921
830,94,before_missing_921
831,6,before_missing_921
831,9,before_missing_921
831,10,before_missing_921
831,14,before_missing_921
831,15,before_missing_921
831,16,before_missing_921
831,20,before_missing_921
831,21,before_missing_921
831,24,before_missing_921
831,29,before_missing_921
831,30,before_missing_921
831,39,before_missing_921
831,40,before_missing_921
831,45,before_missing_921
831,46,before_missing_921
831,49,before_missing_921
831,51,before_missing_921
831,54,before_missing_921
831,62,before_missing_921
831,66,before_missing_921
831,92,before_missing_921
831,95,before_missing_921
901,6,before_missing_921
901,14,before_missing_921
901,15,before_missing_921
901,21,before_missing_921
901,22,before_missing_921
901,28,before_missing_921
901,40,before_missing_921
901,46,before_missing_921
901,52,before_missing_921
901,54,before_missing_921
901,56,before_missing_921
901,95,before_missing_921
901,101,before_missing_921
902,2,before_missing_921
902,6,before_missing_921
902,7,before_missing_921
902,19,before_missing_921
902,47,before_missing_921
902,74,before_missing_921
903,6,before_missing_921
903,7,before_missing_921
903,11,before_missing_921
903,12,before_missing_921
903,16,before_missing_921
903,17,before_missing_921
903,19,before_missing_921
903,39,before_missing_921
903,47,before_missing_921
903,51,before_missing_921
903,55,before_missing_921
903,58,before_missing_921
903,59,before_missing_921
903,64,before_missing_921
903,65,before_missing_921
903,72,before_missing_921
904,2,before_missing_921
904,4,before_missing_921
904,6,before_missing_921
904,7,before_missing_921
904,8,before_missing_921
904,11,before_missing_921
904,12,before_missing_921
904,17,before_missing_921
904,18,before_missing_921
904,19,before_missing_921
904,37,before_missing_921
904,39,before_missing_921
904,46,before_missing_921
904,48,before_missing_921
904,50,before_missing_921
904,60,before_missing_921
904,64,before_missing_921
904,72,before_missing_921
904,102,before_missing_921
904,103,before_missing_921
904,104,before_missing_921
905,2,before_missing_921
905,6,before_missing_921
905,16,before_missing_921
905,19,before_missing_921
905,39,before_missing_921
905,48,before_missing_921
905,50,before_missing_921
905,51,before_missing_921
905,53,before_missing_921
905,66,before_missing_921
905,97,before_missing_921
905,102,before_missing_921
906,1,before_missing_921
906,6,before_missing_921
906,7,before_missing_921
906,8,before_missing_921
906,15,before_missing_921
906,17,before_missing_921
906,20,before_missing_921
906,23,before_missing_921
906,24,before_missing_921
906,25,before_missing_921
906,27,before_missing_921
906,28,before_missing_921
906,32,before_missing_921
906,33,before_missing_921
906,37,before_missing_921
906,41,before_missing_921
906,42,before_missing_921
906,43,before_missing_921
906,44,before_missing_921
906,52,before_missing_921
906,54,before_missing_921
906,109,before_missing_921
906,112,before_missing_921
906,113,before_missing_921
907,1,before_missing_921
907,5,before_missing_921
907,6,before_missing_921
907,7,before_missing_921
907,9,before_missing_921
907,15,before_missing_921
907,16,before_missing_921
907,17,before_missing_921
907,18,before_missing_921
907,19,before_missing_921
907,20,before_missing_921
907,21,before_missing_921
907,22,before_missing_921
907,23,before_missing_921
907,25,before_missing_921
907,26,before_missing_921
907,27,before_missing_921
907,28,before_missing_921
907,31,before_missing_921
907,32,before_missing_921
907,40,before_missing_921
907,41,before_missing_921
907,42,before_missing_921
907,43,before_missing_921
907,44,before_missing_921
907,46,before_missing_921
907,50,before_missing_921
907,51,before_missing_921
907,52,before_missing_921
907,55,before_missing_921
907,56,before_missing_921
907,57,before_missing_921
907,58,before_missing_921
907,62,before_missing_921
907,88,before_missing_921
907,93,before_missing_921
907,103,before_missing_921
908,5,before_missing_921
908,6,before_missing_921
908,13,before_missing_921
908,16,before_missing_921
908,17,before_missing_921
908,36,before_missing_921
908,37,before_missing_921
908,39,before_missing_921
908,41,before_missing_921
908,65,before_missing_921
909,5,before_missing_921
909,6,before_missing_921
909,16,before_missing_921
909,17,before_missing_921
909,32,before_missing_921
909,37,before_missing_921
909,41,before_missing_921
909,42,before_missing_921
909,100,before_missing_921
910,6,before_missing_921
910,8,before_missing_921
910,11,before_missing_921
910,12,before_missing_921
910,13,before_missing_921
910,16,before_missing_921
910,17,before_missing_921
910,30,before_missing_921
910,37,before_missing_921
910,39,before_missing_921
910,50,before_missing_921
910,51,before_missing_921
910,69,before_missing_921
910,103,before_missing_921
911,5,before_missing_921
911,6,before_missing_921
911,13,before_missing_921
911,17,before_missing_921
911,32,before_missing_921
911,39,before_missing_921
911,46,before_missing_921
911,48,before_missing_921
911,50,before_missing_921
911,96,before_missing_921
912,5,before_missing_921
912,6,before_missing_921
912,26,before_missing_921
912,37,before_missing_921
912,46,before_missing_921
912,49,before_missing_921
912,50,before_missing_921
912,54,before_missing_921
912,57,before_missing_921
912,96,before_missing_921
912,97,before_missing_921
912,98,before_missing_921
913,5,before_missing_921
913,8,before_missing_921
913,14,before_missing_921
913,15,before_missing_921
913,17,before_missing_921
913,18,before_missing_921
913,20,before_missing_921
913,24,before_missing_921
913,25,before_missing_921
913,26,before_missing_921
913,28,before_missing_921
913,29,before_missing_921
913,37,before_missing_921
913,39,before_missing_921
913,40,before_missing_921
913,41,before_missing_921
913,42,before_missing_921
913,43,before_missing_921
913,65,before_missing_921
913,73,before_missing_921
913,74,before_missing_921
913,88,before_missing_921
913,105,before_missing_921
913,106,before_missing_921
914,5,before_missing_921
914,6,before_missing_921
914,8,before_missing_921
914,9,before_missing_921
914,14,before_missing_921
914,15,before_missing_921
914,17,before_missing_921
914,20,before_missing_921
914,24,before_missing_921
914,25,before_missing_921
914,26,before_missing_921
914,28,before_missing_921
914,40,before_missing_921
914,42,before_missing_921
914,43,before_missing_921
914,44,before_missing_921
914,46,before_missing_921
914,55,before_missing_921
914,56,before_missing_921
914,105,before_missing_921
914,109,before_missing_921
915,6,before_missing_921
915,7,before_missing_921
915,16,before_missing_921
915,20,before_missing_921
915,21,before_missing_921
915,33,before_missing_921
915,34,before_missing_921
915,37,before_missing_921
915,39,before_missing_921
915,44,before_missing_921
915,46,before_missing_921
915,99,before_missing_921
916,5,before_missing_921
916,6,before_missing_921
916,7,before_missing_921
916,8,before_missing_921
916,16,before_missing_921
916,17,before_missing_921
916,39,before_missing_921
916,46,before_missing_921
916,51,before_missing_921
916,99,before_missing_921
916,100,before_missing_921
917,2,before_missing_921
917,3,before_missing_921
917,5,before_missing_921
917,6,before_missing_921
917,7,before_missing_921
917,16,before_missing_921
917,17,before_missing_921
917,37,before_missing_921
917,40,before_missing_921
917,45,before_missing_921
917,46,before_missing_921
917,49,before_missing_921
917,51,before_missing_921
917,69,before_missing_921
917,78,before_missing_921
918,1,before_missing_921
918,2,before_missing_921
918,5,before_missing_921
918,6,before_missing_921
918,17,before_missing_921
918,23,before_missing_921
918,26,before_missing_921
918,33,before_missing_921
918,37,before_missing_921
918,45,before_missing_921
918,46,before_missing_921
918,54,before_missing_921
918,66,before_missing_921
918,73,before_missing_921
918,93,before_missing_921
918,110,before_missing_921
919,4,before_missing_921
919,6,before_missing_921
919,17,before_missing_921
919,24,before_missing_921
919,26,before_missing_921
919,37,before_missing_921
919,46,before_missing_921
919,53,before_missing_921
919,73,before_missing_921
919,93,before_missing_921
920,1,before_missing_921
920,2,before_missing_921
920,3,before_missing_921
920,4,before_missing_921
920,5,before_missing_921
920,6,before_missing_921
920,7,before_missing_921
920,8,before_missing_921
920,13,before_missing_921
920,15,before_missing_921
920,16,before_missing_921
920,17,before_missing_921
920,19,before_missing_921
920,23,before_missing_921
920,28,before_missing_921
920,32,before_missing_921
920,34,before_missing_921
920,35,before_missing_921
920,37,before_missing_921
920,40,before_missing_921
920,42,before_missing_921
920,43,before_missing_921
920,44,before_missing_921
920,46,before_missing_921
920,54,before_missing_921
920,55,before_missing_921
920,73,before_missing_921
920,95,before_missing_921
922,2,after_missing_921
922,5,after_missing_921
922,16,after_missing_921
922,23,after_missing_921
922,37,after_missing_921
922,39,after_missing_921
922,51,after_missing_921
922,54,after_missing_921
923,6,after_missing_921
923,12,after_missing_921
923,13,after_missing_921
923,16,after_missing_921
923,17,after_missing_921
923,37,after_missing_921
923,39,after_missing_921
923,50,after_missing_921
923,54,after_missing_921
923,107,after_missing_921
924,16,after_missing_921
924,17,after_missing_921
924,44,after_missing_921
925,5,after_missing_921
925,6,after_missing_921
925,17,after_missing_921
925,33,after_missing_921
925,36,after_missing_921
925,37,after_missing_921
925,39,after_missing_921
925,44,after_missing_921
925,47,after_missing_921
925,78,after_missing_921
926,6,after_missing_921
926,7,after_missing_921
926,12,after_missing_921
926,16,after_missing_921
926,17,after_missing_921
926,37,after_missing_921
926,39,after_missing_921
926,40,after_missing_921
926,48,after_missing_921
926,53,after_missing_921
926,58,after_missing_921
926,98,after_missing_921
926,105,after_missing_921
926,108,after_missing_921
927,1,after_missing_921
927,2,after_missing_921
927,3,after_missing_921
927,4,after_missing_921
927,5,after_missing_921
927,6,after_missing_921
927,7,after_missing_921
927,9,after_missing_921
927,10,after_missing_921
927,12,after_missing_921
927,14,after_missing_921
927,15,after_missing_921
927,16,after_missing_921
927,17,after_missing_921
927,19,after_missing_921
927,20,after_missing_921
927,21,after_missing_921
927,22,after_missing_921
927,23,after_missing_921
927,24,after_missing_921
927,25,after_missing_921
927,26,after_missing_921
927,27,after_missing_921
927,28,after_missing_921
927,29,after_missing_921
927,30,after_missing_921
927,31,after_missing_921
927,32,after_missing_921
927,33,after_missing_921
927,34,after_missing_921
927,35,after_missing_921
927,36,after_missing_921
927,37,after_missing_921
927,38,after_missing_921
